ID	char	pua	romanized	symbol
RJ-C943	匚	U+10C943	a	
RJ-C944	厂	U+10C944	ā	
RJ-C946	丌	U+10C946	aḥ	
RJ-C947	乇	U+10C947	āḥ	
RJ-C949	囗	U+10C949	aṃ	
RJ-C94B	屮	U+10C94B	ba	
RJ-C954	仈	U+10C954	bhā	
RJ-C959	圠	U+10C959	bhe	
RJ-C963	丱	U+10C963	bhrūṃ	
RJ-C96F	圣	U+10C96F	bo	
RJ-C973	宄	U+10C973	bu	
RJ-C977	屳	U+10C977	ca	
RJ-C97B	忉	U+10C97B	caṃ	
RJ-C9BD	刓	U+10C9BD	cu	
RJ-C9BF	刐	U+10C9BF	cuṃ	
RJ-C9D2	奿	U+10C9D2	ddha	
RJ-C9D3	孖	U+10C9D3	ddhā	
RJ-C9D5	尥	U+10C9D5	de	
RJ-C9D9	屾	U+10C9D9	dha	
RJ-C9E7	扦	U+10C9E7	dhi	
RJ-C9E8	扢	U+10C9E8	dhī	
RJ-C9FA	汜	U+10C9FA	dhu	
RJ-CA4C	芀	U+10CA4C	dme	
RJ-CA57	阤	U+10CA57	drā	
RJ-CA5F	佤	U+10CA5F	dya	
RJ-CA62	佒	U+10CA62	ga	
RJ-CA6C	刜	U+10CA6C	gha	
RJ-CA70	劮	U+10CA70	ghaṃ	
RJ-CAAB	坅	U+10CAAB	gu	
RJ-CAAF	坒	U+10CAAF	ha	
RJ-CAB0	夆	U+10CAB0	hā	
RJ-CAB3	妘	U+10CAB3	haṃ	
RJ-CAC5	岒	U+10CAC5	hri	
RJ-CAC7	岆	U+10CAC7	hrīḥ	
RJ-CACB	帊	U+10CACB	hūṃ	
RJ-CAD2	弅	U+10CAD2	jaḥ	
RJ-CAF3	扷	U+10CAF3	jña	
RJ-CB4B	汸	U+10CB4B	jra	
RJ-CB4E	沄	U+10CB4E	jriṃ	
RJ-CB51	汱	U+10CB51	jva	
RJ-CB54	沚	U+10CB54	ka	
RJ-CB58	沜	U+10CB58	kaṃ	
RJ-CB5C	汻	U+10CB5C	kha	
RJ-CB60	牣	U+10CB60	khaṃ	
RJ-CB70	疕	U+10CB70	ki	
RJ-CB77	肒	U+10CB77	ko	
RJ-CBA2	芃	U+10CBA2	ksaṃ	
RJ-CBA8	邡	U+10CBA8	kṣiṃ	
RJ-CBBC	佷	U+10CBBC	la	
RJ-CBC2	侁	U+10CBC2	le	
RJ-CBC9	侂	U+10CBC9	lo	
RJ-CBD3	剆	U+10CBD3	ma	
RJ-CBD7	匋	U+10CBD7	maṃ	
RJ-CBE2	呺	U+10CBE2	mo	
RJ-CBE8	咍	U+10CBE8	mu	
RJ-CBEB	呠	U+10CBEB	mya	
RJ-CBED	呣	U+10CBED	na	
RJ-CBEE	呧	U+10CBEE	nā	
RJ-CBFE	坢	U+10CBFE	nāṃ	
RJ-CC4E	姖	U+10CC4E	ne	
RJ-CC54	姇	U+10CC54	ni	
RJ-CC5A	屇	U+10CC5A	ṇi	
RJ-CCBA	抮	U+10CCBA	oṃ	
RJ-CCBB	抳	U+10CCBB	pa	
RJ-CCBF	抰	U+10CCBF	paṃ	
RJ-CCC2	斨	U+10CCC2	pha	
RJ-CCDE	枌	U+10CCDE	pra	
RJ-CCDF	杺	U+10CCDF	pta	
RJ-CCE1	枑	U+10CCE1	pu	
RJ-CCE7	杹	U+10CCE7	ra	
RJ-CCE8	枔	U+10CCE8	rā	
RJ-CCEB	歾	U+10CCEB	raṃ	
RJ-CCF7	沷	U+10CCF7	re	
RJ-CCFB	泃	U+10CCFB	ri	
RJ-CD4E	泩	U+10CD4E	ro	
RJ-CD5E	狘	U+10CD5E	ru	
RJ-CD63	狚	U+10CD63	rya	
RJ-CD64	狌	U+10CD64	sa	
RJ-CD65	狑	U+10CD65	sā	
RJ-CD66	玤	U+10CD66	śa	
RJ-CD68	玭	U+10CD68	ṣa	
RJ-CD70	甿	U+10CD70	saṃ	
RJ-CD7C	矹	U+10CD7C	ś?	
RJ-CDB9	芧	U+10CDB9	sra	
RJ-CDC0	芡	U+10CDC0	ṣṭa	
RJ-CDC2	苂	U+10CDC2	ṣṭha	
RJ-CDC3	芤	U+10CDC3	ṣṭhi	
RJ-CDC5	芶	U+10CDC5	su	
RJ-CDCC	迒	U+10CDCC	svā	
RJ-CDCD	迋	U+10CDCD	śva	
RJ-CDD3	邲	U+10CDD3	ṭ	
RJ-CDD4	邴	U+10CDD4	ta	
RJ-CDD5	邯	U+10CDD5	tā	
RJ-CDD6	邳	U+10CDD6	ṭa	
RJ-CDE0	侲	U+10CDE0	te	
RJ-CDE2	俋	U+10CDE2	tha	
RJ-CDE3	俁	U+10CDE3	thā	
RJ-CDE6	俙	U+10CDE6	ṭhā	
RJ-CDF3	勂	U+10CDF3	thī	
RJ-CDFD	咥	U+10CDFD	tho	
RJ-CE52	垟	U+10CE52	ṭī	
RJ-CE58	垔	U+10CE58	tna	
RJ-CE5A	垏	U+10CE5A	to	
RJ-CE61	奓	U+10CE61	tra	
RJ-CE62	姡	U+10CE62	trā	
RJ-CE66	姱	U+10CE66	traṃ	
RJ-CE7E	峛	U+10CE7E	tvā	
RJ-CEA6	峖	U+10CEA6	va	
RJ-CEAA	峈	U+10CEAA	vaṃ	
RJ-CEAE	峸	U+10CEAE	vi	
RJ-CEBC	弮	U+10CEBC	ya	
RJ-CEBD	彖	U+10CEBD	yā	
RJ-CED0	恦	U+10CED0	cchrīṃ	
RJ-CED1	恮	U+10CED1	mbhī	
RJ-CED4	拏	U+10CED4	tnaṃ	
RJ-CED5	挍	U+10CED5	trāṃ	
RJ-CED6	挋	U+10CED6	ṃ	
RJ-CEDA	拫	U+10CEDA	pāṃ	
RJ-CEDB	拹	U+10CEDB	hṭha	
RJ-E040	觡	U+10E040		
RJ-E041	觠	U+10E041		
RJ-E042	觢	U+10E042		
RJ-E043	觜	U+10E043		
RJ-E044	触	U+10E044		
RJ-E045	詶	U+10E045		
RJ-E046	誆	U+10E046		
RJ-E047	詿	U+10E047		
RJ-E048	詡	U+10E048		
RJ-E049	訿	U+10E049		
RJ-E04A	詷	U+10E04A		
RJ-E04B	誂	U+10E04B		
RJ-E04C	誄	U+10E04C		
RJ-E04D	詵	U+10E04D		
RJ-E04E	誃	U+10E04E		
RJ-E04F	誁	U+10E04F		
RJ-E050	詴	U+10E050		
RJ-E051	詺	U+10E051		
RJ-E052	谼	U+10E052		
RJ-E053	豋	U+10E053		
RJ-E054	豊	U+10E054		
RJ-E055	豥	U+10E055		
RJ-E056	豤	U+10E056		
RJ-E057	豦	U+10E057		
RJ-E058	貆	U+10E058		
RJ-E059	貄	U+10E059		
RJ-E05B	賌	U+10E05B		
RJ-E05C	赨	U+10E05C		
RJ-E05D	赩	U+10E05D		
RJ-E05E	趑	U+10E05E		
RJ-E05F	趌	U+10E05F		
RJ-E060	趎	U+10E060		
RJ-E061	趏	U+10E061		
RJ-E062	趍	U+10E062		
RJ-E063	趓	U+10E063		
RJ-E064	趔	U+10E064		
RJ-E065	趐	U+10E065		
RJ-E066	趒	U+10E066		
RJ-E067	跰	U+10E067		
RJ-E068	跠	U+10E068		
RJ-E069	跬	U+10E069		
RJ-E06A	跱	U+10E06A		
RJ-E06B	跮	U+10E06B		
RJ-E06C	跐	U+10E06C		
RJ-E06D	跩	U+10E06D		
RJ-E06E	跣	U+10E06E		
RJ-E06F	跢	U+10E06F		
SD-A440	一	U+104440	ka	
SD-A441	乙	U+104441	kā	
SD-A442	丁	U+104442	ki	
SD-A443	七	U+104443	kī	
SD-A444	乃	U+104444	ku	
SD-A445	九	U+104445	kū	
SD-A446	了	U+104446	ke	
SD-A447	二	U+104447	kai	
SD-A448	人	U+104448	ko	
SD-A449	儿	U+104449	kau	
SD-A44A	入	U+10444A	kaṃ	
SD-A44B	八	U+10444B	kaḥ	
SD-A44C	几	U+10444C	kha	
SD-A44D	刀	U+10444D	khā	
SD-A44E	刁	U+10444E	khi	
SD-A44F	力	U+10444F	khī	
SD-A452	卜	U+104452	khe	
SD-A454	三	U+104454	kho	
SD-A456	丈	U+104456	khaṃ	
SD-A457	上	U+104457	khaḥ	
SD-A458	丫	U+104458	ga	
SD-A459	丸	U+104459	gā	
SD-A45A	凡	U+10445A	gi	
SD-A45C	么	U+10445C	gu	
SD-A45D	也	U+10445D	gū	
SD-A45E	乞	U+10445E	ge	
SD-A45F	于	U+10445F	gai	
SD-A460	亡	U+104460	go	
SD-A461	兀	U+104461	gau	
SD-A462	刃	U+104462	gaṃ	
SD-A463	勺	U+104463	gaḥ	
SD-A464	千	U+104464	gha	
SD-A465	叉	U+104465	ghā	
SD-A466	口	U+104466	ghi	
SD-A467	土	U+104467	ghī	
SD-A46A	大	U+10446A	ghe	
SD-A46C	子	U+10446C	gho	
SD-A46E	孓	U+10446E	ghaṃ	
SD-A46F	寸	U+10446F	ghaḥ	
SD-A470	小	U+104470	ṅa	
SD-A471	尢	U+104471	ṅā	
SD-A473	山	U+104473	ṅī	
SD-A47A	干	U+10447A	ṅaṃ	
SD-A47B	廾	U+10447B	ṅaḥ	
SD-A47C	弋	U+10447C	ca	
SD-A47D	弓	U+10447D	cā	
SD-A47E	才	U+10447E	ci	
SD-A4A1	丑	U+1044A1	cī	
SD-A4A2	丐	U+1044A2	cu	
SD-A4A4	中	U+1044A4	ce	
SD-A4A5	丰	U+1044A5	cai	
SD-A4A6	丹	U+1044A6	co	
SD-A4A7	之	U+1044A7	cau	
SD-A4A8	尹	U+1044A8	caṃ	
SD-A4A9	予	U+1044A9	caḥ	
SD-A4AA	云	U+1044AA	cha	
SD-A4B6	介	U+1044B6	ja	
SD-A4B7	仄	U+1044B7	jā	
SD-A4B8	元	U+1044B8	ji	
SD-A4B9	允	U+1044B9	jī	
SD-A4BA	內	U+1044BA	ju	
SD-A4BC	兮	U+1044BC	je	
SD-A4BE	冗	U+1044BE	jo	
SD-A4C0	分	U+1044C0	jaṃ	
SD-A4C1	切	U+1044C1	jaḥ	
SD-A4C2	刈	U+1044C2	jha	
SD-A4C3	勻	U+1044C3	jhā	
SD-A4C4	勾	U+1044C4	jhi	
SD-A4C8	午	U+1044C8	jhe	
SD-A4CC	厄	U+1044CC	jhaṃ	
SD-A4CD	友	U+1044CD	jhaḥ	
SD-A4CE	及	U+1044CE	ña	
SD-A4CF	反	U+1044CF	ñā	
SD-A4D8	尺	U+1044D8	ñaṃ	
SD-A4D9	屯	U+1044D9	ñaḥ	
SD-A4DA	巴	U+1044DA	ṭa	
SD-A4DB	幻	U+1044DB	ṭā	
SD-A4DC	廿	U+1044DC	ṭi	
SD-A4DD	弔	U+1044DD	ṭī	
SD-A4DE	引	U+1044DE	ṭu	
SD-A4DF	心	U+1044DF	ṭū	
SD-A4E0	戈	U+1044E0	ṭe	
SD-A4E1	戶	U+1044E1	ṭai	
SD-A4E2	手	U+1044E2	ṭo	
SD-A4E3	扎	U+1044E3	ṭau	
SD-A4E4	支	U+1044E4	ṭaṃ	
SD-A4E5	文	U+1044E5	ṭaḥ	
SD-A4E6	斗	U+1044E6	ṭha	
SD-A4E7	斤	U+1044E7	ṭhā	
SD-A4E8	方	U+1044E8	ṭhi	
SD-A4EA	曰	U+1044EA	ṭhu	
SD-A4EC	木	U+1044EC	ṭhe	
SD-A4F0	毋	U+1044F0	ṭhaṃ	
SD-A4F1	比	U+1044F1	ṭhaḥ	
SD-A4F2	毛	U+1044F2	ḍa	
SD-A4F3	氏	U+1044F3	ḍā	
SD-A4F4	水	U+1044F4	ḍi	
SD-A4F6	爪	U+1044F6	ḍu	
SD-A4F7	父	U+1044F7	ḍū	
SD-A4F8	爻	U+1044F8	ḍe	
SD-A4F9	片	U+1044F9	ḍai	
SD-A4FA	牙	U+1044FA	ḍo	
SD-A4FC	犬	U+1044FC	ḍaṃ	
SD-A4FD	王	U+1044FD	ḍaḥ	
SD-A4FE	丙	U+1044FE	ḍha	
SD-A540	世	U+104540	ḍhā	
SD-A541	丕	U+104541	ḍhi	
SD-A545	乍	U+104545	ḍhe	
SD-A547	乎	U+104547	ḍho	
SD-A549	付	U+104549	ḍhaṃ	
SD-A54A	仔	U+10454A	ḍhaḥ	
SD-A54B	仕	U+10454B	ṇa	
SD-A54C	他	U+10454C	ṇā	
SD-A54D	仗	U+10454D	ṇi	
SD-A54E	代	U+10454E	ṇī	
SD-A54F	令	U+10454F	ṇu	
SD-A550	仙	U+104550	ṇū	
SD-A551	仞	U+104551	ṇe	
SD-A552	充	U+104552	ṇai	
SD-A553	兄	U+104553	ṇo	
SD-A555	冊	U+104555	ṇaṃ	
SD-A556	冬	U+104556	ṇaḥ	
SD-A557	凹	U+104557	ta	
SD-A558	出	U+104558	tā	
SD-A559	凸	U+104559	ti	
SD-A55A	刊	U+10455A	tī	
SD-A55B	加	U+10455B	tu	
SD-A55C	功	U+10455C	tū	
SD-A55D	包	U+10455D	te	
SD-A55E	匆	U+10455E	tai	
SD-A55F	北	U+10455F	to	
SD-A561	仟	U+104561	taṃ	
SD-A562	半	U+104562	taḥ	
SD-A563	卉	U+104563	tha	
SD-A564	卡	U+104564	thā	
SD-A565	占	U+104565	thi	
SD-A566	卯	U+104566	thī	
SD-A569	可	U+104569	the	
SD-A56B	右	U+10456B	tho	
SD-A56D	叮	U+10456D	thaṃ	
SD-A56E	叩	U+10456E	thaḥ	
SD-A56F	叨	U+10456F	da	
SD-A570	叼	U+104570	dā	
SD-A571	司	U+104571	di	
SD-A572	叵	U+104572	dī	
SD-A573	叫	U+104573	du	
SD-A574	另	U+104574	dū	
SD-A575	只	U+104575	de	
SD-A576	史	U+104576	dai	
SD-A577	叱	U+104577	do	
SD-A578	台	U+104578	dau	
SD-A579	句	U+104579	daṃ	
SD-A57A	叭	U+10457A	daḥ	
SD-A57B	叻	U+10457B	dha	
SD-A57C	四	U+10457C	dhā	
SD-A57D	囚	U+10457D	dhi	
SD-A57E	外	U+10457E	dhī	
SD-A5A3	奴	U+1045A3	dhe	
SD-A5A4	奶	U+1045A4	dhai	
SD-A5A5	孕	U+1045A5	dho	
SD-A5A6	它	U+1045A6	dhau	
SD-A5A7	尼	U+1045A7	dhaṃ	
SD-A5A8	巨	U+1045A8	dhaḥ	
SD-A5A9	巧	U+1045A9	na	
SD-A5AA	左	U+1045AA	nā	
SD-A5AB	市	U+1045AB	ni	
SD-A5AC	布	U+1045AC	nī	
SD-A5AD	平	U+1045AD	nu	
SD-A5AF	弁	U+1045AF	ne	
SD-A5B0	弘	U+1045B0	nai	
SD-A5B1	弗	U+1045B1	no	
SD-A5B2	必	U+1045B2	nau	
SD-A5B3	戊	U+1045B3	naṃ	
SD-A5B4	打	U+1045B4	naḥ	
SD-A5B5	扔	U+1045B5	pa	
SD-A5B6	扒	U+1045B6	pā	
SD-A5B7	扑	U+1045B7	pi	
SD-A5B8	斥	U+1045B8	pī	
SD-A5B9	旦	U+1045B9	pu	
SD-A5BB	本	U+1045BB	pe	
SD-A5BC	未	U+1045BC	pai	
SD-A5BD	末	U+1045BD	po	
SD-A5BE	札	U+1045BE	pau	
SD-A5BF	正	U+1045BF	paṃ	
SD-A5C0	母	U+1045C0	paḥ	
SD-A5C1	民	U+1045C1	pha	
SD-A5C2	氐	U+1045C2	phā	
SD-A5C3	永	U+1045C3	phi	
SD-A5C7	犯	U+1045C7	phe	
SD-A5C9	玉	U+1045C9	pho	
SD-A5CB	瓦	U+1045CB	phaṃ	
SD-A5CC	甘	U+1045CC	phaḥ	
SD-A5CD	生	U+1045CD	ba	
SD-A5CE	用	U+1045CE	bā	
SD-A5CF	甩	U+1045CF	bi	
SD-A5D0	田	U+1045D0	bī	
SD-A5D1	由	U+1045D1	bu	
SD-A5D3	申	U+1045D3	be	
SD-A5D4	疋	U+1045D4	bai	
SD-A5D5	白	U+1045D5	bo	
SD-A5D7	皿	U+1045D7	baṃ	
SD-A5D8	目	U+1045D8	baḥ	
SD-A5D9	矛	U+1045D9	bha	
SD-A5DA	矢	U+1045DA	bhā	
SD-A5DB	石	U+1045DB	bhi	
SD-A5DC	示	U+1045DC	bhī	
SD-A5DD	禾	U+1045DD	bhu	
SD-A5DE	穴	U+1045DE	bhū	
SD-A5DF	立	U+1045DF	bhe	
SD-A5E0	丞	U+1045E0	bhai	
SD-A5E1	丟	U+1045E1	bho	
SD-A5E2	乒	U+1045E2	bhau	
SD-A5E3	乓	U+1045E3	bhaṃ	
SD-A5E4	乩	U+1045E4	bhaḥ	
SD-A5E5	亙	U+1045E5	ma	
SD-A5E6	交	U+1045E6	mā	
SD-A5E7	亦	U+1045E7	mi	
SD-A5E8	亥	U+1045E8	mī	
SD-A5EB	伙	U+1045EB	me	
SD-A5EC	伊	U+1045EC	mai	
SD-A5ED	伕	U+1045ED	mo	
SD-A5EE	伍	U+1045EE	mau	
SD-A5EF	伐	U+1045EF	maṃ	
SD-A5F0	休	U+1045F0	maḥ	
SD-A5F1	伏	U+1045F1	ya	
SD-A5F2	仲	U+1045F2	yā	
SD-A5F3	件	U+1045F3	yi	
SD-A5F4	任	U+1045F4	yī	
SD-A5F5	仰	U+1045F5	yu	
SD-A5F7	份	U+1045F7	ye	
SD-A5F8	企	U+1045F8	yai	
SD-A5F9	伋	U+1045F9	yo	
SD-A5FB	兇	U+1045FB	yaṃ	
SD-A5FC	兆	U+1045FC	yaḥ	
SD-A5FD	先	U+1045FD	ra	
SD-A5FE	全	U+1045FE	rā	
SD-A640	共	U+104640	ri	
SD-A641	再	U+104641	rī	
SD-A642	冰	U+104642	ru	
SD-A643	列	U+104643	rū	
SD-A644	刑	U+104644	re	
SD-A645	划	U+104645	rai	
SD-A646	刎	U+104646	ro	
SD-A647	刖	U+104647	rau	
SD-A648	劣	U+104648	raṃ	
SD-A649	匈	U+104649	raḥ	
SD-A64A	匡	U+10464A	la	
SD-A64B	匠	U+10464B	lā	
SD-A64C	印	U+10464C	li	
SD-A64D	危	U+10464D	lī	
SD-A64E	吉	U+10464E	lu	
SD-A650	同	U+104650	le	
SD-A651	吊	U+104651	lai	
SD-A652	吐	U+104652	lo	
SD-A654	吋	U+104654	laṃ	
SD-A655	各	U+104655	laḥ	
SD-A656	向	U+104656	va	
SD-A657	名	U+104657	vā	
SD-A658	合	U+104658	vi	
SD-A659	吃	U+104659	vī	
SD-A65A	后	U+10465A	vu	
SD-A65C	吒	U+10465C	ve	
SD-A65D	因	U+10465D	vai	
SD-A65E	回	U+10465E	vo	
SD-A660	圳	U+104660	vaṃ	
SD-A661	地	U+104661	vaḥ	
SD-A662	在	U+104662	śa	
SD-A663	圭	U+104663	śā	
SD-A664	圬	U+104664	śi	
SD-A665	圯	U+104665	śī	
SD-A666	圩	U+104666	śu	
SD-A667	夙	U+104667	śū	
SD-A668	多	U+104668	śe	
SD-A669	夷	U+104669	śai	
SD-A66A	夸	U+10466A	śo	
SD-A66B	妄	U+10466B	śau	
SD-A66C	奸	U+10466C	śaṃ	
SD-A66D	妃	U+10466D	śaḥ	
SD-A66E	好	U+10466E	ṣa	
SD-A66F	她	U+10466F	ṣā	
SD-A670	如	U+104670	ṣi	
SD-A671	妁	U+104671	ṣī	
SD-A674	宇	U+104674	ṣe	
SD-A675	守	U+104675	ṣai	
SD-A676	宅	U+104676	ṣo	
SD-A678	寺	U+104678	ṣaṃ	
SD-A679	尖	U+104679	ṣaḥ	
SD-A67A	屹	U+10467A	sa	
SD-A67B	州	U+10467B	sā	
SD-A67C	帆	U+10467C	si	
SD-A67D	并	U+10467D	sī	
SD-A67E	年	U+10467E	su	
SD-A6A2	弛	U+1046A2	se	
SD-A6A3	忙	U+1046A3	sai	
SD-A6A4	忖	U+1046A4	so	
SD-A6A5	戎	U+1046A5	sau	
SD-A6A6	戌	U+1046A6	saṃ	
SD-A6A7	戍	U+1046A7	saḥ	
SD-A6A8	成	U+1046A8	ha	
SD-A6A9	扣	U+1046A9	hā	
SD-A6AA	扛	U+1046AA	hi	
SD-A6AB	托	U+1046AB	hī	
SD-A6AE	旨	U+1046AE	he	
SD-A6AF	旬	U+1046AF	hai	
SD-A6B0	旭	U+1046B0	ho	
SD-A6B1	曲	U+1046B1	hau	
SD-A6B2	曳	U+1046B2	haṃ	
SD-A6B3	有	U+1046B3	haḥ	
SD-A6B4	朽	U+1046B4	kṣa	
SD-A6B5	朴	U+1046B5	kṣā	
SD-A6B6	朱	U+1046B6	kṣi	
SD-A6B7	朵	U+1046B7	kṣī	
SD-A6B8	次	U+1046B8	kṣu	
SD-A6BA	死	U+1046BA	kṣe	
SD-A6BC	汝	U+1046BC	kṣo	
SD-A6BE	汙	U+1046BE	kṣaṃ	
SD-A6BF	江	U+1046BF	kṣaḥ	
SD-A6C0	池	U+1046C0	kya	
SD-A6C1	汐	U+1046C1	kyā	
SD-A6C2	汕	U+1046C2	kyi	
SD-A6C3	污	U+1046C3	kyī	
SD-A6C4	汛	U+1046C4	kyu	
SD-A6C6	汎	U+1046C6	kye	
SD-A6C7	灰	U+1046C7	kyai	
SD-A6C8	牟	U+1046C8	kyo	
SD-A6C9	牝	U+1046C9	kyau	
SD-A6CA	百	U+1046CA	kyaṃ	
SD-A6CB	竹	U+1046CB	kyaḥ	
SD-A6CC	米	U+1046CC	khya	
SD-A6CD	糸	U+1046CD	khyā	
SD-A6CE	缶	U+1046CE	khyi	
SD-A6D2	考	U+1046D2	khye	
SD-A6D3	而	U+1046D3	khyai	
SD-A6DA	臣	U+1046DA	gyi	
SD-A6DE	舌	U+1046DE	gye	
SD-A6E2	色	U+1046E2	gyaṃ	
SD-A6E4	虫	U+1046E4	ghya	
SD-A6FC	似	U+1046FC	cya	
SD-A6FD	但	U+1046FD	cyā	
SD-A741	你	U+104741	cyu	
SD-A755	助	U+104755	jya	
SD-A759	即	U+104759	jyu	
SD-A75B	吝	U+10475B	jye	
SD-A75D	吞	U+10475D	jyo	
SD-A75F	否	U+10475F	jyaṃ	
SD-A760	呎	U+104760	jyaḥ	
SD-A779	囤	U+104779	ṭya	
SD-A7A1	均	U+1047A1	ṭye	
SD-A7AD	妣	U+1047AD	ṭhye	
SD-A7C9	床	U+1047C9	ḍhyaṃ	
SD-A7CB	弄	U+1047CB	ṇya	
SD-A7D1	忘	U+1047D1	ṇye	
SD-A7D5	忱	U+1047D5	ṇyaṃ	
SD-A7D7	忸	U+1047D7	tya	
SD-A7D8	忪	U+1047D8	tyā	
SD-A7D9	戒	U+1047D9	tyi	
SD-A7DB	抄	U+1047DB	tyu	
SD-A7DD	抖	U+1047DD	tye	
SD-A7DE	技	U+1047DE	tyai	
SD-A7DF	扶	U+1047DF	tyo	
SD-A7E1	扭	U+1047E1	tyaṃ	
SD-A7E3	扼	U+1047E3	thya	
SD-A7E4	找	U+1047E4	thyā	
SD-A7EF	改	U+1047EF	dya	
SD-A7F0	攻	U+1047F0	dyā	
SD-A7F3	更	U+1047F3	dyu	
SD-A7F5	李	U+1047F5	dye	
SD-A7F7	材	U+1047F7	dyo	
SD-A7F9	杜	U+1047F9	dyaṃ	
SD-A7FB	杞	U+1047FB	dhya	
SD-A7FC	杉	U+1047FC	dhyā	
SD-A7FD	杆	U+1047FD	dhyi	
SD-A840	杓	U+104840	dhyu	
SD-A842	步	U+104842	dhye	
SD-A844	求	U+104844	dhyo	
SD-A846	沙	U+104846	dhyaṃ	
SD-A848	沈	U+104848	nya	
SD-A849	沉	U+104849	nyā	
SD-A84C	汪	U+10484C	nyu	
SD-A84E	沐	U+10484E	nye	
SD-A852	沖	U+104852	nyaṃ	
SD-A854	汽	U+104854	pya	
SD-A855	沃	U+104855	pyā	
SD-A85C	沔	U+10485C	pyo	
SD-A861	災	U+104861	phyā	
SD-A86C	甸	U+10486C	bya	
SD-A878	肝	U+104878	bhya	
SD-A879	肘	U+104879	bhyā	
SD-A87A	肛	U+10487A	bhyi	
SD-A87C	育	U+10487C	bhyu	
SD-A87E	芒	U+10487E	bhye	
SD-A8A2	芍	U+1048A2	bhyo	
SD-A8A4	角	U+1048A4	bhyaṃ	
SD-A8A5	言	U+1048A5	bhyaḥ	
SD-A8A6	谷	U+1048A6	mya	
SD-A8A7	豆	U+1048A7	myā	
SD-A8AA	赤	U+1048AA	myu	
SD-A8AC	足	U+1048AC	mye	
SD-A8B0	辰	U+1048B0	myaṃ	
SD-A8B1	迂	U+1048B1	myaḥ	
SD-A8B2	迆	U+1048B2	lya	
SD-A8B3	迅	U+1048B3	lyā	
SD-A8B8	邪	U+1048B8	lye	
SD-A8BC	釆	U+1048BC	lyaṃ	
SD-A8BE	防	U+1048BE	vya	
SD-A8BF	阮	U+1048BF	vyā	
SD-A8C2	阬	U+1048C2	vyu	
SD-A8C4	乖	U+1048C4	vye	
SD-A8C5	乳	U+1048C5	vyai	
SD-A8C6	事	U+1048C6	vyo	
SD-A8C8	亞	U+1048C8	vyaṃ	
SD-A8C9	享	U+1048C9	vyaḥ	
SD-A8CA	京	U+1048CA	śya	
SD-A8CC	依	U+1048CC	śyi	
SD-A8D4	侃	U+1048D4	śyaṃ	
SD-A8D6	併	U+1048D6	ṣya	
SD-A8D7	侈	U+1048D7	ṣyā	
SD-A8DC	侏	U+1048DC	ṣye	
SD-A8DE	佺	U+1048DE	ṣyo	
SD-A8E2	兩	U+1048E2	sya	
SD-A8E3	具	U+1048E3	syā	
SD-A8E4	其	U+1048E4	syi	
SD-A8E6	冽	U+1048E6	syu	
SD-A8E8	刻	U+1048E8	sye	
SD-A8EA	刷	U+1048EA	syo	
SD-A8EC	到	U+1048EC	syaṃ	
SD-A8EE	制	U+1048EE	hya	
SD-A8EF	剁	U+1048EF	hyā	
SD-A8F4	卓	U+1048F4	hye	
SD-A8FA	取	U+1048FA	kṣya	
SD-A947	咒	U+104947	kra	
SD-A948	咆	U+104948	krā	
SD-A949	呼	U+104949	kri	
SD-A94A	咐	U+10494A	krī	
SD-A94B	呱	U+10494B	kru	
SD-A94C	呶	U+10494C	krū	
SD-A94D	和	U+10494D	kre	
SD-A94F	呢	U+10494F	kro	
SD-A950	周	U+104950	krau	
SD-A951	咋	U+104951	kraṃ	
SD-A95F	奇	U+10495F	gra	
SD-A960	奈	U+104960	grā	
SD-A961	奄	U+104961	gri	
SD-A962	奔	U+104962	grī	
SD-A965	委	U+104965	gre	
SD-A967	妮	U+104967	gro	
SD-A969	姆	U+104969	graṃ	
SD-A96B	姍	U+10496B	ghra	
SD-A96E	姊	U+10496E	ghrī	
SD-A970	妳	U+104970	ghrū	
SD-A975	季	U+104975	ghraṃ	
SD-A976	宗	U+104976	ghraḥ	
SD-A977	定	U+104977	ṅra	
SD-A978	官	U+104978	ṅrā	
SD-A9BD	忝	U+1049BD	jra	
SD-A9BE	忠	U+1049BE	jrā	
SD-A9BF	忽	U+1049BF	jri	
SD-A9C0	念	U+1049C0	jrī	
SD-A9C3	怔	U+1049C3	jre	
SD-A9C4	怯	U+1049C4	jrai	
SD-A9C5	怵	U+1049C5	jro	
SD-A9C7	怪	U+1049C7	jraṃ	
SD-A9C8	怕	U+1049C8	jraḥ	
SD-A9E1	抨	U+1049E1	ṭra	
SD-A9E5	拙	U+1049E5	ṭru	
SD-A9E9	拚	U+1049E9	ṭro	
SD-A9EB	拘	U+1049EB	ṭraṃ	
SD-AA40	昇	U+104A40	ḍre	
SD-AA44	枋	U+104A44	ḍraṃ	
SD-AA5E	氛	U+104A5E	tra	
SD-AA5F	泣	U+104A5F	trā	
SD-AA60	注	U+104A60	tri	
SD-AA61	泳	U+104A61	trī	
SD-AA62	沱	U+104A62	tru	
SD-AA63	泌	U+104A63	trū	
SD-AA64	泥	U+104A64	tre	
SD-AA65	河	U+104A65	trai	
SD-AA66	沽	U+104A66	tro	
SD-AA67	沾	U+104A67	trau	
SD-AA68	沼	U+104A68	traṃ	
SD-AA69	波	U+104A69	traḥ	
SD-AA76	治	U+104A76	dra	
SD-AA77	泡	U+104A77	drā	
SD-AA78	泛	U+104A78	dri	
SD-AA79	泊	U+104A79	drī	
SD-AA7A	沬	U+104A7A	dru	
SD-AA7B	泯	U+104A7B	drū	
SD-AA7C	泜	U+104A7C	dre	
SD-AA7E	泠	U+104A7E	dro	
SD-AAA2	炎	U+104AA2	draṃ	
SD-AAA3	炒	U+104AA3	draḥ	
SD-AAA4	炊	U+104AA4	dhra	
SD-AAA6	爬	U+104AA6	dhri	
SD-AAAD	狎	U+104AAD	dhrau	
SD-AAB0	狐	U+104AB0	nra	
SD-AABC	盲	U+104ABC	pra	
SD-AABD	直	U+104ABD	prā	
SD-AABF	矽	U+104ABF	prī	
SD-AAC0	社	U+104AC0	pru	
SD-AAC1	祀	U+104AC1	prū	
SD-AAC2	祁	U+104AC2	pre	
SD-AAC4	秈	U+104AC4	pro	
SD-AAC6	穹	U+104AC6	praṃ	
SD-AAD4	肴	U+104AD4	bra	
SD-AAD8	臾	U+104AD8	bru	
SD-AADE	芽	U+104ADE	braṃ	
SD-AAE0	芹	U+104AE0	bhra	
SD-AAE1	花	U+104AE1	bhrā	
SD-AAE2	芬	U+104AE2	bhri	
SD-AAE5	芸	U+104AE5	bhrū	
SD-AAE6	芣	U+104AE6	bhre	
SD-AAE8	芾	U+104AE8	bhro	
SD-AAEC	初	U+104AEC	mra	
SD-AAF2	邵	U+104AF2	mre	
SD-AAF4	邱	U+104AF4	mro	
SD-AB51	侶	U+104B51	vra	
SD-AB52	俘	U+104B52	vrā	
SD-AB53	俟	U+104B53	vri	
SD-AB56	侮	U+104B56	vrū	
SD-AB5B	俎	U+104B5B	vraṃ	
SD-AB5D	侷	U+104B5D	śra	
SD-AB5E	兗	U+104B5E	śrā	
SD-AB5F	冒	U+104B5F	śri	
SD-AB60	冑	U+104B60	śrī	
SD-AB61	冠	U+104B61	śru	
SD-AB62	剎	U+104B62	śrū	
SD-AB63	剃	U+104B63	śre	
SD-AB65	前	U+104B65	śro	
SD-AB67	剋	U+104B67	śraṃ	
SD-AB6A	勉	U+104B6A	ṣrā	
SD-AB6B	勃	U+104B6B	ṣri	
SD-AB75	哎	U+104B75	sra	
SD-AB76	哉	U+104B76	srā	
SD-AB77	咸	U+104B77	sri	
SD-AB79	咳	U+104B79	sru	
SD-AB7A	哇	U+104B7A	srū	
SD-AB7B	哂	U+104B7B	sre	
SD-AB7D	咪	U+104B7D	sro	
SD-ABA3	咯	U+104BA3	hra	
SD-ABA4	咫	U+104BA4	hrā	
SD-ABA5	咱	U+104BA5	hri	
SD-ABA6	咻	U+104BA6	hrī	
SD-ABA9	咿	U+104BA9	hre	
SD-ABAD	垠	U+104BAD	hraṃ	
SD-ABAE	垣	U+104BAE	hraḥ	
SD-ABAF	垢	U+104BAF	kṣra	
SD-ABBB	姣	U+104BBB	kla	
SD-ABBC	姨	U+104BBC	klā	
SD-ABBD	娃	U+104BBD	kli	
SD-ABBE	姥	U+104BBE	klī	
SD-ABC1	姦	U+104BC1	kle	
SD-ABC3	姻	U+104BC3	klo	
SD-ABEC	恢	U+104BEC	ṅlā	
SD-ABFA	拮	U+104BFA	clī	
SD-AC5C	枯	U+104C5C	jhla	
SD-ACD2	皆	U+104CD2	tla	
SD-ACF0	突	U+104CF0	dle	
SD-ADC5	倩	U+104DC5	śla	
SD-ADC6	倖	U+104DC6	ślā	
SD-ADC7	倆	U+104DC7	śli	
SD-ADDF	冥	U+104DDF	sli	
SD-ADE9	剝	U+104DE9	hla	
SD-ADEA	匪	U+104DEA	hlā	
SD-AE42	唇	U+104E42	kva	
SD-AE43	哽	U+104E43	kvā	
SD-AE44	唏	U+104E44	kvi	
SD-AE4A	埃	U+104E4A	kvo	
SD-AE4E	奘	U+104E4E	khva	
SD-AEB8	捂	U+104EB8	jva	
SD-AEB9	捆	U+104EB9	jvā	
SD-AEC2	捍	U+104EC2	jvaṃ	
SD-AEDC	桔	U+104EDC	ṭva	
SD-AEDD	栩	U+104EDD	ṭvā	
SD-AF4D	烘	U+104F4D	ṇva	
SD-AF53	特	U+104F53	ṇve	
SD-AF59	玆	U+104F59	tva	
SD-AF5A	班	U+104F5A	tvā	
SD-AF5B	琉	U+104F5B	tvi	
SD-AF5F	珞	U+104F5F	tve	
SD-AF61	畝	U+104F61	tvo	
SD-AF63	畚	U+104F63	tvaṃ	
SD-AF64	留	U+104F64	tvaḥ	
SD-AF71	益	U+104F71	dva	
SD-AF72	盍	U+104F72	dvā	
SD-AF73	盎	U+104F73	dvi	
SD-AF74	眩	U+104F74	dvī	
SD-AF77	眨	U+104F77	dve	
SD-AF78	矩	U+104F78	dvai	
SD-AF79	砰	U+104F79	dvo	
SD-AF7C	砝	U+104F7C	dvaḥ	
SD-AF7D	破	U+104F7D	dhva	
SD-AF7E	砷	U+104F7E	dhvā	
SD-AFA1	砥	U+104FA1	dhvi	
SD-AFA9	祟	U+104FA9	dhvaṃ	
SD-AFAB	神	U+104FAB	nva	
SD-AFAC	祝	U+104FAC	nvā	
SD-AFAD	祗	U+104FAD	nvi	
SD-AFB1	秧	U+104FB1	nve	
SD-AFB3	秦	U+104FB3	nvo	
SD-AFB5	秘	U+104FB5	nvaṃ	
SD-AFB7	窈	U+104FB7	pva	
SD-AFB8	站	U+104FB8	pvā	
SD-AFE7	舐	U+104FE7	mva	
SD-AFE8	航	U+104FE8	mvā	
SD-AFE9	舫	U+104FE9	mvi	
SD-AFED	茫	U+104FED	mve	
SD-AFF2	荐	U+104FF2	mvaḥ	
SD-AFF3	草	U+104FF3	yva	
SD-B042	蚪	U+105042	lvi	
SD-B04C	袂	U+10504C	śva	
SD-B04D	衽	U+10504D	śvā	
SD-B04E	衹	U+10504E	śvi	
SD-B052	訌	U+105052	śve	
SD-B054	訊	U+105054	śvo	
SD-B058	訏	U+105058	ṣva	
SD-B059	訑	U+105059	ṣvā	
SD-B064	辱	U+105064	sva	
SD-B065	送	U+105065	svā	
SD-B066	逆	U+105066	svi	
SD-B06A	迴	U+10506A	sve	
SD-B06F	邕	U+10506F	svaḥ	
SD-B070	郡	U+105070	hva	
SD-B071	郝	U+105071	hvā	
SD-B07A	釙	U+10507A	hvaṃ	
SD-B0AA	高	U+1050AA	kma	
SD-B0AB	鬥	U+1050AB	kmā	
SD-B0AC	鬲	U+1050AC	kmi	
SD-B0B4	偌	U+1050B4	kmaṃ	
SD-B0DA	啊	U+1050DA	ṅma	
SD-B0DD	問	U+1050DD	ṅmī	
SD-B1C1	掄	U+1051C1	tma	
SD-B1C2	授	U+1051C2	tmā	
SD-B1C7	掏	U+1051C7	tme	
SD-B1CB	捨	U+1051CB	tmaṃ	
SD-B1CD	敝	U+1051CD	thma	
SD-B1D9	斬	U+1051D9	dma	
SD-B1DA	族	U+1051DA	dmā	
SD-B1DB	旋	U+1051DB	dmi	
SD-B1DC	旌	U+1051DC	dmī	
SD-B1DF	晚	U+1051DF	dme	
SD-B1E1	晨	U+1051E1	dmo	
SD-B1E3	晞	U+1051E3	dmaṃ	
SD-B1F1	械	U+1051F1	nma	
SD-B1F3	棄	U+1051F3	nmi	
SD-B1F4	梭	U+1051F4	nmī	
SD-B26E	爽	U+10526E	yma	
SD-B27A	理	U+10527A	lma	
SD-B27C	琍	U+10527C	lmi	
SD-B2A7	異	U+1052A7	lmaḥ	
SD-B2B4	眼	U+1052B4	śma	
SD-B2B6	眸	U+1052B6	śmi	
SD-B2BA	硎	U+1052BA	śme	
SD-B2BB	祥	U+1052BB	śmai	
SD-B2C0	窕	U+1052C0	ṣma	
SD-B2C1	笠	U+1052C1	ṣmā	
SD-B2C2	笨	U+1052C2	ṣmi	
SD-B2CA	粗	U+1052CA	ṣmaṃ	
SD-B2CC	絆	U+1052CC	sma	
SD-B2CD	絃	U+1052CD	smā	
SD-B2CE	統	U+1052CE	smi	
SD-B2CF	紮	U+1052CF	smī	
SD-B2D3	細	U+1052D3	smai	
SD-B2D6	累	U+1052D6	smaṃ	
SD-B2D8	紲	U+1052D8	hma	
SD-B2DA	缽	U+1052DA	hmi	
SD-B2DB	羞	U+1052DB	hmī	
SD-B2DE	翎	U+1052DE	hme	
SD-B2E0	耜	U+1052E0	hmo	
SD-B2E4	脖	U+1052E4	kṣma	
SD-B2E6	脫	U+1052E6	kṣmi	
SD-B2E7	脩	U+1052E7	kṣmī	
SD-B2EA	舂	U+1052EA	kṣme	
SD-B2F1	莘	U+1052F1	knā	
SD-B2F6	莫	U+1052F6	kne	
SD-B349	蛆	U+105349	gna	
SD-B34B	蚱	U+10534B	gni	
SD-B34C	蚯	U+10534C	gnī	
SD-B34F	袞	U+10534F	gne	
SD-B353	袖	U+105353	gnaṃ	
SD-B355	袋	U+105355	ghna	
SD-B356	覓	U+105356	ghnā	
SD-B35D	設	U+10535D	ghno	
SD-B35F	訛	U+10535F	ghnaṃ	
SD-B448	寒	U+105448	tna	
SD-B449	富	U+105449	tnā	
SD-B44A	寓	U+10544A	tni	
SD-B44E	就	U+10544E	tne	
SD-B450	嵐	U+105450	tno	
SD-B452	嵇	U+105452	tnaṃ	
SD-B454	幅	U+105454	thna	
SD-B460	循	U+105460	dna	
SD-B462	惑	U+105462	dni	
SD-B478	掌	U+105478	pna	
SD-B47A	揀	U+10547A	pni	
SD-B4CA	棵	U+1054CA	mna	
SD-B4CB	森	U+1054CB	mnā	
SD-B4E2	氯	U+1054E2	lna	
SD-B4EE	減	U+1054EE	vna	
SD-B4FA	測	U+1054FA	śna	
SD-B4FC	渝	U+1054FC	śni	
SD-B547	湟	U+105547	ṣna	
SD-B548	焙	U+105548	ṣnā	
SD-B553	猶	U+105553	sna	
SD-B554	猥	U+105554	snā	
SD-B55F	琯	U+10555F	hna	
SD-B577	硬	U+105577	rka	
SD-B578	硯	U+105578	rkā	
SD-B579	稍	U+105579	rki	
SD-B57A	稈	U+10557A	rkī	
SD-B57B	程	U+10557B	rku	
SD-B57C	稅	U+10557C	rkū	
SD-B57D	稀	U+10557D	rke	
SD-B57E	窘	U+10557E	rkai	
SD-B5A1	窗	U+1055A1	rko	
SD-B5A2	窖	U+1055A2	rkau	
SD-B5A3	童	U+1055A3	rkaṃ	
SD-B5A4	竣	U+1055A4	rkaḥ	
SD-B5A5	等	U+1055A5	rkha	
SD-B5B1	絞	U+1055B1	rga	
SD-B5B2	結	U+1055B2	rgā	
SD-B5B3	絨	U+1055B3	rgi	
SD-B5B5	紫	U+1055B5	rgu	
SD-B5B7	絲	U+1055B7	rge	
SD-B5B9	給	U+1055B9	rgo	
SD-B5BD	善	U+1055BD	rgha	
SD-B5C5	腋	U+1055C5	rgho	
SD-B5C7	腎	U+1055C7	rghaṃ	
SD-B5D5	菅	U+1055D5	rca	
SD-B5D7	菁	U+1055D7	rci	
SD-B5ED	蛭	U+1055ED	rja	
SD-B5EF	蛛	U+1055EF	rji	
SD-B65E	跌	U+10565E	rṭha	
SD-B6A4	隊	U+1056A4	rṇa	
SD-B6A5	階	U+1056A5	rṇā	
SD-B6A6	隋	U+1056A6	rṇi	
SD-B6A7	陽	U+1056A7	rṇī	
SD-B6A8	隅	U+1056A8	rṇu	
SD-B6A9	隆	U+1056A9	rṇū	
SD-B6AE	雅	U+1056AE	rṇaṃ	
SD-B6AF	雄	U+1056AF	rṇaḥ	
SD-B6B0	集	U+1056B0	rta	
SD-B6B2	雯	U+1056B2	rti	
SD-B6BC	飲	U+1056BC	rtha	
SD-B6BD	飭	U+1056BD	rthā	
SD-B6BE	馮	U+1056BE	rthi	
SD-B6BF	馭	U+1056BF	rthī	
SD-B6C2	黑	U+1056C2	rthe	
SD-B6C4	傭	U+1056C4	rtho	
SD-B6C6	傲	U+1056C6	rthaṃ	
SD-B6C8	僅	U+1056C8	rda	
SD-B6CA	催	U+1056CA	rdi	
SD-B6CE	僇	U+1056CE	rde	
SD-B6D2	募	U+1056D2	rdaṃ	
SD-B6D4	勤	U+1056D4	rdha	
SD-B6D5	勢	U+1056D5	rdhā	
SD-B6D6	勣	U+1056D6	rdhi	
SD-B6DC	嗎	U+1056DC	rdho	
SD-B6E0	嗣	U+1056E0	rna	
SD-B6E1	嗤	U+1056E1	rnā	
SD-B6E2	嗯	U+1056E2	rni	
SD-B6E6	嗆	U+1056E6	rne	
SD-B6EC	塑	U+1056EC	rpa	
SD-B6ED	塘	U+1056ED	rpā	
SD-B6EE	塗	U+1056EE	rpi	
SD-B6F2	塌	U+1056F2	rpe	
SD-B6F6	塒	U+1056F6	rpaṃ	
SD-B6FC	媾	U+1056FC	rphu	
SD-B747	廉	U+105747	rbi	
SD-B751	想	U+105751	rbha	
SD-B752	愛	U+105752	rbhā	
SD-B753	惹	U+105753	rbhi	
SD-B755	愈	U+105755	rbhu	
SD-B756	慎	U+105756	rbhū	
SD-B757	慌	U+105757	rbhe	
SD-B759	慍	U+105759	rbho	
SD-B75D	愍	U+10575D	rma	
SD-B75E	愆	U+10575E	rmā	
SD-B75F	愷	U+10575F	rmi	
SD-B763	搾	U+105763	rme	
SD-B765	搪	U+105765	rmo	
SD-B767	搽	U+105767	rmaṃ	
SD-B769	搏	U+105769	rya	
SD-B76A	搜	U+10576A	ryā	
SD-B76D	搶	U+10576D	ryu	
SD-B76F	搗	U+10576F	rye	
SD-B770	搆	U+105770	ryai	
SD-B771	敬	U+105771	ryo	
SD-B773	新	U+105773	ryaṃ	
SD-B774	暗	U+105774	ryaḥ	
SD-B775	暉	U+105775	rla	
SD-B77B	暍	U+10577B	rle	
SD-B7A1	楚	U+1057A1	rlaṃ	
SD-B7A3	楠	U+1057A3	rva	
SD-B7A4	楔	U+1057A4	rvā	
SD-B7A5	極	U+1057A5	rvi	
SD-B7A9	楨	U+1057A9	rve	
SD-B7AA	楫	U+1057AA	rvai	
SD-B7AB	楞	U+1057AB	rvo	
SD-B7AD	楹	U+1057AD	rvaṃ	
SD-B7AF	楝	U+1057AF	rśa	
SD-B7B1	楛	U+1057B1	rśi	
SD-B7BB	溶	U+1057BB	rṣa	
SD-B7BC	滂	U+1057BC	rṣā	
SD-B7BD	源	U+1057BD	rṣi	
SD-B7BE	溝	U+1057BE	rṣī	
SD-B7C1	溥	U+1057C1	rṣe	
SD-B7C2	溘	U+1057C2	rṣai	
SD-B7C5	溫	U+1057C5	rṣaṃ	
SD-B7C7	準	U+1057C7	rsa	
SD-B7C9	滄	U+1057C9	rsi	
SD-B7CD	溴	U+1057CD	rse	
SD-B7D3	照	U+1057D3	rha	
SD-B7D4	煜	U+1057D4	rhā	
SD-B7D9	煞	U+1057D9	rhe	
SD-B7DB	煨	U+1057DB	rho	
SD-B7EB	瑛	U+1057EB	rkya	
SD-B7EC	瑜	U+1057EC	rkyā	
SD-B844	睥	U+105844	rgya	
SD-B8A2	腺	U+1058A2	rjya	
SD-B947	逼	U+105947	rtyu	
SD-B9E9	寥	U+1059E9	rvya	
SD-BA72	氳	U+105A72	rkra	
SD-BA73	漳	U+105A73	rkrā	
SD-BCE6	潭	U+105CE6	rkla	
SD-BCE7	潛	U+105CE7	rklā	
SD-BF6D	禦	U+105F6D	rkva	
SD-BF6E	積	U+105F6E	rkvā	
SD-BFE3	踴	U+105FE3	rjva	
SD-C0A6	嬰	U+1060A6	rtva	
SD-C0A7	嬪	U+1060A7	rtvā	
SD-C0BF	擦	U+1060BF	rdvā	
SD-C0C0	擬	U+1060C0	rdvi	
SD-C0CA	檄	U+1060CA	rdhva	
SD-C0D6	氈	U+1060D6	rnva	
SD-C0D8	濱	U+1060D8	rnvi	
SD-C0FA	盪	U+1060FA	rbva	
SD-C0FC	瞪	U+1060FC	rbvi	
SD-C153	糜	U+106153	rmva	
SD-C177	膿	U+106177	rśva	
SD-C1A5	薔	U+1061A5	rṣva	
SD-C1D5	轅	U+1061D5	rkma	
SD-C1D6	輿	U+1061D6	rkmā	
SD-C347	颺	U+106347	rdmi	
SD-C34B	餮	U+10634B	rdme	
SD-C45C	孀	U+10645C	rkna	
SD-C45D	孃	U+10645D	rknā	
SD-C573	彎	U+106573	rtna	
SD-C5B9	饕	U+1065B9	rdhna	
SD-C5BA	驕	U+1065BA	rdhnā	
SD-C5BF	鰱	U+1065BF	rdhne	
SD-C5C3	鷗	U+1065C3	rdhnaṃ	
SD-C963	丱	U+106963	ṅka	
SD-C964	丼	U+106964	ṅkā	
SD-C965	仨	U+106965	ṅki	
SD-C966	仜	U+106966	ṅkī	
SD-C967	仩	U+106967	ṅku	
SD-C968	仡	U+106968	ṅkū	
SD-C969	仝	U+106969	ṅke	
SD-C96A	仚	U+10696A	ṅkai	
SD-C96B	刌	U+10696B	ṅko	
SD-C96C	匜	U+10696C	ṅkau	
SD-C96D	卌	U+10696D	ṅkaṃ	
SD-C96E	圢	U+10696E	ṅkaḥ	
SD-C96F	圣	U+10696F	ṅkha	
SD-C970	夗	U+106970	ṅkhā	
SD-C971	夯	U+106971	ṅkhi	
SD-C979	庀	U+106979	ṅkhaṃ	
SD-C97B	忉	U+10697B	ṅga	
SD-C97C	戉	U+10697C	ṅgā	
SD-C97D	扐	U+10697D	ṅgi	
SD-C97E	氕	U+10697E	ṅgī	
SD-C9A1	氶	U+1069A1	ṅgu	
SD-C9A3	氿	U+1069A3	ṅge	
SD-C9A9	肊	U+1069A9	ṅgha	
SD-C9AA	阞	U+1069AA	ṅghā	
SD-C9AB	伎	U+1069AB	ṅghi	
SD-C9AF	伔	U+1069AF	ṅghe	
SD-C9B5	伂	U+1069B5	ñca	
SD-C9B6	伅	U+1069B6	ñcā	
SD-C9B7	伢	U+1069B7	ñci	
SD-C9BD	刓	U+1069BD	ñco	
SD-C9C1	匢	U+1069C1	ñcha	
SD-C9C2	匟	U+1069C2	ñchā	
SD-C9CD	奼	U+1069CD	ñja	
SD-C9CE	妅	U+1069CE	ñjā	
SD-C9CF	奻	U+1069CF	ñji	
SD-C9D1	奷	U+1069D1	ñju	
SD-C9E5	扤	U+1069E5	ṇṭa	
SD-C9E6	扡	U+1069E6	ṇṭā	
SD-C9E8	扢	U+1069E8	ṇṭī	
SD-C9F0	朹	U+1069F0	ṇṭaḥ	
SD-C9F1	朸	U+1069F1	ṇṭha	
SD-C9F2	朻	U+1069F2	ṇṭhā	
SD-C9F7	氘	U+1069F7	ṇṭhe	
SD-C9FB	汏	U+1069FB	ṇṭhaṃ	
SD-C9FD	汔	U+1069FD	ṇḍa	
SD-C9FE	汋	U+1069FE	ṇḍā	
SD-CA40	汌	U+106A40	ṇḍi	
SD-CA41	灱	U+106A41	ṇḍī	
SD-CA42	牞	U+106A42	ṇḍu	
SD-CA44	犵	U+106A44	ṇḍe	
SD-CA45	玎	U+106A45	ṇḍai	
SD-CA46	甪	U+106A46	ṇḍo	
SD-CA48	穵	U+106A48	ṇḍaṃ	
SD-CA49	网	U+106A49	ṇḍaḥ	
SD-CA4A	艸	U+106A4A	ṇḍha	
SD-CA4B	艼	U+106A4B	ṇḍhā	
SD-CA56	阢	U+106A56	nta	
SD-CA57	阤	U+106A57	ntā	
SD-CA58	阠	U+106A58	nti	
SD-CA5A	佖	U+106A5A	ntu	
SD-CA5C	佢	U+106A5C	nte	
SD-CA5E	体	U+106A5E	nto	
SD-CA60	伾	U+106A60	ntaṃ	
SD-CA62	佒	U+106A62	ntha	
SD-CA63	佟	U+106A63	nthā	
SD-CA64	佁	U+106A64	nthi	
SD-CA6E	刡	U+106A6E	nda	
SD-CA6F	劭	U+106A6F	ndā	
SD-CA70	劮	U+106A70	ndi	
SD-CA71	匉	U+106A71	ndī	
SD-CA72	卣	U+106A72	ndu	
SD-CA74	厎	U+106A74	nde	
SD-CA76	吰	U+106A76	ndo	
SD-CA7A	呅	U+106A7A	ndha	
SD-CA7B	吙	U+106A7B	ndhā	
SD-CA7C	吜	U+106A7C	ndhi	
SD-CA7E	吘	U+106A7E	ndhu	
SD-CAA2	呏	U+106AA2	ndhe	
SD-CAA4	吨	U+106AA4	ndho	
SD-CAA6	呇	U+106AA6	ndhaṃ	
SD-CAA7	囮	U+106AA7	ndhaḥ	
SD-CAA8	囧	U+106AA8	mpa	
SD-CAA9	囥	U+106AA9	mpā	
SD-CAB4	妠	U+106AB4	mpha	
SD-CAB5	妗	U+106AB5	mphā	
SD-CABA	妧	U+106ABA	mphe	
SD-CAC0	岍	U+106AC0	mba	
SD-CAC1	岏	U+106AC1	mbā	
SD-CAC3	岋	U+106AC3	mbī	
SD-CAC4	岉	U+106AC4	mbu	
SD-CAC6	岊	U+106AC6	mbe	
SD-CACC	帎	U+106ACC	mbha	
SD-CACD	庋	U+106ACD	mbhā	
SD-CACE	庉	U+106ACE	mbhi	
SD-CACF	庌	U+106ACF	mbhī	
SD-CAD0	庈	U+106AD0	mbhu	
SD-CAD2	弅	U+106AD2	mbhe	
SD-CAD9	忭	U+106AD9	ṅyā	
SD-CAF0	扰	U+106AF0	ṅla	
SD-CAFC	旵	U+106AFC	ṅva	
SD-CAFD	杅	U+106AFD	ṅvā	
SD-CB49	氙	U+106B49	ṅśa	
SD-CB4A	氚	U+106B4A	ṅśā	
SD-CB55	汭	U+106B55	ṅṣa	
SD-CB56	沇	U+106B56	ṅṣā	
SD-CB61	犿	U+106B61	ṅsa	
SD-CB62	犽	U+106B62	ṅsā	
SD-CB63	狃	U+106B63	ṅsi	
SD-CB6D	町	U+106B6D	ṅha	
SD-CB6E	甹	U+106B6E	ṅhā	
SD-CB73	耴	U+106B73	ṅhe	
SD-CB79	芐	U+106B79	ṅkṣa	
SD-CB7A	芏	U+106B7A	ṅkṣā	
SD-CB7B	芅	U+106B7B	ṅkṣi	
SD-CBA7	邟	U+106BA7	kṛ	
SD-CBA9	邥	U+106BA9	gṛ	
SD-CBAA	邞	U+106BAA	ghṛ	
SD-CBAB	邧	U+106BAB	ṅṛ	
SD-CBAC	邠	U+106BAC	cṛ	
SD-CBC3	佸	U+106BC3	jṛ	
SD-CBC5	侜	U+106BC5	jṛṃ	
SD-CBC7	侞	U+106BC7	jhṛ	
SD-CBCB	佫	U+106BCB	ñṛ	
SD-CBE3	呾	U+106BE3	tṛ	
SD-CBE5	呬	U+106BE5	tṛṃ	
SD-CBEB	呠	U+106BEB	dṛ	
SD-CBEF	呤	U+106BEF	dhṛ	
SD-CBF3	坲	U+106BF3	nṛ	
SD-CBF7	坰	U+106BF7	pṛ	
SD-CC40	坨	U+106C40	bṛ	
SD-CC44	妵	U+106C44	bhṛ	
SD-CC46	姏	U+106C46	bhṛṃ	
SD-CC48	妲	U+106C48	mṛ	
SD-CC49	姌	U+106C49	mṝ	
SD-CC4C	妼	U+106C4C	yṛ	
SD-CC58	宕	U+106C58	vṛ	
SD-CC5C	岤	U+106C5C	śṛ	
SD-CC60	岨	U+106C60	ṣṛ	
SD-CC62	岟	U+106C62	ṣṛṃ	
SD-CC64	岭	U+106C64	sṛ	
SD-CC65	岢	U+106C65	sṝ	
SD-CC68	岝	U+106C68	hṛ	
SD-CC6A	岶	U+106C6A	hṛṃ	
SD-CC70	弨	U+106C70	ska	
SD-CC71	弢	U+106C71	skā	
SD-CC76	彾	U+106C76	ske	
SD-CC7C	怙	U+106C7C	skha	
SD-CCAA	怐	U+106CAA	dga	
SD-CCAB	怮	U+106CAB	dgā	
SD-CCAC	怓	U+106CAC	dgi	
SD-CCAD	怑	U+106CAD	dgī	
SD-CCB0	怜	U+106CB0	dge	
SD-CCB6	抾	U+106CB6	dgha	
SD-CCB7	抪	U+106CB7	dghā	
SD-CCC2	斨	U+106CC2	ṅktra	
SD-CCCE	旽	U+106CCE	vca	
SD-CCDA	枆	U+106CDA	vcha	
SD-CCF2	泙	U+106CF2	vjha	
SD-CCFE	泲	U+106CFE	jña	
SD-CD4B	沰	U+106D4B	ṣṭa	
SD-CD4C	泹	U+106D4C	ṣṭā	
SD-CD4D	泏	U+106D4D	ṣṭi	
SD-CD4E	泩	U+106D4E	ṣṭī	
SD-CD4F	泑	U+106D4F	ṣṭu	
SD-CD51	炘	U+106D51	ṣṭe	
SD-CD52	炅	U+106D52	ṣṭai	
SD-CD53	炓	U+106D53	ṣṭo	
SD-CD55	炄	U+106D55	ṣṭaṃ	
SD-CD57	炖	U+106D57	ṣṭha	
SD-CD5D	狋	U+106D5D	ṣṭhe	
SD-CD5E	狘	U+106D5E	ṣṭhai	
SD-CD5F	狉	U+106D5F	ṣṭho	
SD-CD62	狔	U+106D62	ṣṭhaḥ	
SD-CD63	狚	U+106D63	dḍa	
SD-CD6F	瓨	U+106D6F	dḍha	
SD-CD7B	矼	U+106D7B	ṣṇa	
SD-CD7C	矹	U+106D7C	ṣṇā	
SD-CD7D	矻	U+106D7D	ṣṇi	
SD-CD7E	矺	U+106D7E	ṣṇī	
SD-CDA1	矷	U+106DA1	ṣṇu	
SD-CDA7	竻	U+106DA7	ṣṇaṃ	
SD-CDA9	糽	U+106DA9	sta	
SD-CDAA	耵	U+106DAA	stā	
SD-CDAB	肏	U+106DAB	sti	
SD-CDAC	肮	U+106DAC	stī	
SD-CDAD	肣	U+106DAD	stu	
SD-CDAF	肵	U+106DAF	ste	
SD-CDB1	舠	U+106DB1	sto	
SD-CDB3	苀	U+106DB3	staṃ	
SD-CDB5	芚	U+106DB5	stha	
SD-CDB6	芘	U+106DB6	sthā	
SD-CDB7	芛	U+106DB7	sthi	
SD-CDBD	芺	U+106DBD	stho	
SD-CDC0	芡	U+106DC0	sthaḥ	
SD-CDC1	芩	U+106DC1	vda	
SD-CDCD	迋	U+106DCD	vdha	
SD-CDD9	阽	U+106DD9	rtsna	
SD-CDE5	俜	U+106DE5	spa	
SD-CDF1	剉	U+106DF1	spha	
SD-CDF2	勀	U+106DF2	sphā	
SD-CDF3	勂	U+106DF3	sphi	
SD-CDF5	卼	U+106DF5	sphu	
SD-CDF6	厗	U+106DF6	sphū	
SD-CDF7	厖	U+106DF7	sphe	
SD-CDF9	厘	U+106DF9	spho	
SD-CDFD	咥	U+106DFD	dba	
SD-CE4A	咼	U+106E4A	dbha	
SD-CE4E	哞	U+106E4E	dbhu	
SD-CE4F	咰	U+106E4F	dbhū	
SD-CE50	垵	U+106E50	dbhe	
SD-CE56	垝	U+106E56	rkṣma	
SD-CE62	姡	U+106E62	rkṣvya	
SD-CE6E	姷	U+106E6E	rkṣvrya	
SD-CE7A	峘	U+106E7A	lta	
SD-CEA8	峔	U+106EA8	tkva	
SD-CEC0	怹	U+106EC0	ṭṣa	
SD-CECC	恟	U+106ECC	sha	
SD-CED8	挎	U+106ED8	vkṣa	
SD-CEE4	挕	U+106EE4	pta	
SD-CEE5	拻	U+106EE5	ptā	
SD-CEE6	拰	U+106EE6	pti	
SD-CEEA	斿	U+106EEA	pte	
SD-CEEC	昡	U+106EEC	pto	
SD-CEEE	昵	U+106EEE	ptaṃ	
SD-CEEF	昜	U+106EEF	ptaḥ	
SD-CEF0	昦	U+106EF0	ṭka	
SD-CEF1	昢	U+106EF1	ṭkā	
SD-CEFC	柲	U+106EFC	dsva	
SD-CF49	柟	U+106F49	ṭṣchra	
SD-CF55	柰	U+106F55	tta	
SD-CF56	枲	U+106F56	ttā	
SD-CF57	柼	U+106F57	tti	
SD-CF58	柆	U+106F58	ttī	
SD-CF5A	柌	U+106F5A	ttū	
SD-CF5B	枮	U+106F5B	tte	
SD-CF5C	柦	U+106F5C	ttai	
SD-CF5D	柛	U+106F5D	tto	
SD-CF5F	柉	U+106F5F	ttaṃ	
SD-CF6D	洨	U+106F6D	ṭṭa	
SD-CF6E	洴	U+106F6E	ṭṭā	
SD-CF6F	洭	U+106F6F	ṭṭi	
SD-CF70	洟	U+106F70	ṭṭī	
SD-CF73	洒	U+106F73	ṭṭe	
SD-CF79	洺	U+106F79	ṇṇa	
SD-CF7A	洚	U+106F7A	ṇṇā	
SD-CFA7	洇	U+106FA7	nna	
SD-CFA8	洠	U+106FA8	nnā	
SD-CFA9	洬	U+106FA9	nni	
SD-CFAD	洐	U+106FAD	nne	
SD-CFB2	炰	U+106FB2	nnaḥ	
SD-CFB3	炡	U+106FB3	mṅka	
SD-CFBF	狤	U+106FBF	bhrūṃ	
SD-CFC1	狫	U+106FC1	hūṃ	
SD-CFC2	狟	U+106FC2		
SD-CFC3	狪	U+106FC3		
SD-CFC4	狦	U+106FC4	śṛī	
SD-CFC5	狣	U+106FC5	a	
SD-CFC6	玅	U+106FC6	ā	
SD-CFC7	珌	U+106FC7	i	
SD-CFC8	珂	U+106FC8	ī	
SD-CFC9	珈	U+106FC9	u	
SD-CFCA	珅	U+106FCA	ū	
SD-CFCB	玹	U+106FCB	ṛ	
SD-CFCC	玶	U+106FCC	ṝ	
SD-CFCD	玵	U+106FCD	ḷ	
SD-CFCE	玴	U+106FCE	ḹ	
SD-CFCF	珫	U+106FCF	e	
SD-CFD0	玿	U+106FD0	ai	
SD-CFD1	珇	U+106FD1	o	
SD-CFD2	玾	U+106FD2	au	
SD-CFD3	珃	U+106FD3	aṃ	
SD-CFD4	珆	U+106FD4	aḥ	
SD-D0DF	冔	U+1070DF	ta	
SD-D0F3	唒	U+1070F3	a	
SD-D140	唊	U+107140	o	
SD-D141	哻	U+107141	au	
SD-D167	宭	U+107167	a	
SD-D1B8	捃	U+1071B8	sa	
SD-D1DB	桉	U+1071DB	ta	
SD-D1F0	栮	U+1071F0	ā	
SD-D1F3	栥	U+1071F3	u	
SD-D1F4	栠	U+1071F4	ū	
SD-D5B4	桭	U+1075B4		
SD-D5B5	桮	U+1075B5		
SD-D5F1	淥	U+1075F1	ā	
SD-D5F4	淛	U+1075F4	i	
SD-D5F5	淴	U+1075F5	i	
SD-D5F8	淭	U+1075F8	i	
SD-D5FA	涺	U+1075FA	ī	
SD-D5FC	淂	U+1075FC	ī	
SD-D64E	烰	U+10764E	o	
SD-D650	烳	U+107650	au	
SD-D657	烸	U+107657	ṅa	
SD-D663	猑	U+107663	ḍha	
SD-D667	狿	U+107667	ṇa	
SD-D676	琌	U+107676	ī	
SD-D7C4	袎	U+1077C4		
SD-D7FE	釪	U+1077FE		
SD-D8D7	尌	U+1078D7	a	
SD-D950	愋	U+107950		
SD-D953	掱	U+107953		…
SD-D957	揨	U+107957		
SD-D959	揃	U+107959		
SD-D95B	揳	U+10795B		
SD-D9C6	棐	U+1079C6		
SD-D9D9	棇	U+1079D9		
SD-D9F8	湋	U+1079F8	bhyaḥ	
SD-D9F9	湀	U+1079F9	ddha	
SD-D9FA	湑	U+1079FA	ddhā	
SD-D9FB	渻	U+1079FB	ddhi	
SD-D9FC	渃	U+1079FC	ddhe	
SD-D9FD	渮	U+1079FD	jña	
SD-D9FE	湞	U+1079FE	jva	
SD-DA40	湨	U+107A40	ksaṃ	
SD-DA42	湡	U+107A42	oṃ	
SD-DA43	渱	U+107A43	mya	
SD-DA44	渨	U+107A44	pra	
SD-DA46	湱	U+107A46	rva	
SD-DA47	湫	U+107A47	rya	
SD-DA48	渹	U+107A48	ryā	
SD-DA49	渢	U+107A49	svā	
SD-DA4A	渰	U+107A4A	dya	
SD-DA4B	湓	U+107A4B	tna	
SD-DA4C	湥	U+107A4C	tra	
SD-DA4D	渧	U+107A4D	tte	
SD-DA4F	湤	U+107A4F	śva	
SD-DA50	湷	U+107A50	ṭṭe	
SD-DA53	湒	U+107A53	k	
SD-DA71	猱	U+107A71	āḥ	
SD-DA73	猧	U+107A73	trāḥ	
SD-DA74	猲	U+107A74	hūṃ	
SD-DA75	猭	U+107A75	hrīḥ	
SD-DA76	猦	U+107A76	jra	
SD-DA77	猣	U+107A77	rma	
SD-DA78	猵	U+107A78	mṛ	
SD-DA79	猌	U+107A79	ccha	
SD-DA7A	琮	U+107A7A	cchā	
SD-DA7B	琬	U+107A7B	cchi	
SD-DAA1	琚	U+107AA1	cche	
SD-DAA3	琭	U+107AA3	ccho	
SD-DAA5	琤	U+107AA5	cchaṃ	
SD-DAA6	琣	U+107AA6	cchaḥ	
SD-DAA9	琠	U+107AA9	krā	
SD-DAAA	琲	U+107AAA	nta	
SD-DAAC	甯	U+107AAC	nte	
SD-DAAD	畯	U+107AAD	ddhaṃ	
SD-DAAE	畬	U+107AAE	dbha	
SD-DAAF	痧	U+107AAF	dma	
SD-DAB0	痚	U+107AB0	dra	
SD-DAB1	痡	U+107AB1	rtta	
SD-E040	觡	U+108040	nāṃ	
SD-E041	觠	U+108041	stvaṃ	
SD-E042	觢	U+108042	pū	
SD-E043	觜	U+108043	mu	
SD-E044	触	U+108044	ṇya	
SD-E045	詶	U+108045	hāṃ	
SD-E046	誆	U+108046	ṭ	
SD-E047	詿	U+108047	ndho	
SD-E048	詡	U+108048	mrya	
SD-E049	訿	U+108049	tvo	
SD-E04A	詷	U+10804A	jvā	
SD-E04B	誂	U+10804B	ndra	
SD-E04C	誄	U+10804C	tkā	
SD-E04D	詵	U+10804D	kti	
SD-E04E	誃	U+10804E	tuṃ	
SD-E04F	誁	U+10804F	ddheḥ	
SD-E050	詴	U+108050	hrīṃ	
SD-E051	詺	U+108051	ṇiṃ	
SD-E052	谼	U+108052	hṇa	
SD-E053	豋	U+108053	trīṃ	
SD-E054	豊	U+108054	dhriṃ	
SD-E055	豥	U+108055	criṃ	
SD-E056	豤	U+108056	liḥ	
SD-E057	豦	U+108057	tiṃ	
SD-E058	貆	U+108058	traṭ	
SD-E059	貄	U+108059	ddhya	
SD-E05A	貅	U+10805A	saṃ	
SD-E05B	賌	U+10805B	tāḥ	
SD-E05C	赨	U+10805C	ddhāḥ	
SD-E05D	赩	U+10805D	māṃ	
SD-E05E	趑	U+10805E	tnāṃ	
SD-E05F	趌	U+10805F	hoḥ	
SD-E060	趎	U+108060	huṃ	
SD-E061	趏	U+108061	kki	
SD-E062	趍	U+108062	ndro	
SD-E063	趓	U+108063	bhiṃ	
SD-E064	趔	U+108064	ṣiṃ	
SD-E065	趐	U+108065	ṭuṃ	
SD-E066	趒	U+108066	bhyāṃ	
SD-E067	跰	U+108067	cca	
SD-E068	跠	U+108068	stu	
SD-E069	跬	U+108069	yāṃ	
SD-E06A	跱	U+10806A	rāḥ	
SD-E06B	跮	U+10806B	vāḥ	
SD-E06C	跐	U+10806C	grya	
SD-E06D	跩	U+10806D	ṣṛe	
SD-E06F	跢	U+10806F	dbhu	
SD-E070	跧	U+108070	ṇaṃ	
SD-E071	跲	U+108071	kṣṇa	
SD-E072	跫	U+108072	gāṃ	
SD-E073	跴	U+108073	jṇa	
SD-E074	輆	U+108074	oṃ	
SD-E075	軿	U+108075	kṣṇa	
SD-E076	輁	U+108076	traṭ	
SD-E077	輀	U+108077	gī	
SD-E078	輅	U+108078	gīḥ	
SD-E079	輇	U+108079	dīḥ	
SD-E07A	輈	U+10807A	jrāṃ	
SD-E07B	輂	U+10807B	śīḥ	
SD-E07C	輋	U+10807C	ri	
SD-E07D	遒	U+10807D	khkhe	
SD-E07E	逿	U+10807E	bhiḥ	
SD-E0A1	遄	U+1080A1	yaiḥ	
SD-E0A2	遉	U+1080A2	nū	
SD-E0A3	逽	U+1080A3	jñe	
SD-E0A4	鄐	U+1080A4	jñā	
SD-E0A7	鄑	U+1080A7	ddhiṃ	
SD-E0A8	鄖	U+1080A8	muḥ	
SD-E0A9	鄔	U+1080A9	tāṃ	
SD-E0AA	鄋	U+1080AA	hu	
SD-E0AB	鄎	U+1080AB	śva	
SD-E0AC	酮	U+1080AC	viḥ	
SD-E0AD	酯	U+1080AD	suḥ	
SD-E0AF	鉒	U+1080AF	hye	
SD-E0B0	鈰	U+1080B0	ddhāṃ	
SD-E0B1	鈺	U+1080B1	suṃ	
SD-E0B3	鈳	U+1080B3	ntāṃ	
SD-E0B4	鉥	U+1080B4	kṛṭ	
SD-E0B5	鉞	U+1080B5	āṃ	
SD-E0B6	銃	U+1080B6	liṃ	
SD-E0B7	鈮	U+1080B7	trāṃ	
SD-E0B8	鉊	U+1080B8	piṃ	
SD-E0B9	鉆	U+1080B9	splī	
SD-E0BA	鉭	U+1080BA	cuṃ	
SD-E0BB	鉬	U+1080BB	bhriṃ	
SD-E0BC	鉏	U+1080BC	su	
SD-E0BD	鉠	U+1080BD	śca	
SD-E0BE	鉧	U+1080BE	kāṃ	
SD-E0BF	鉯	U+1080BF	loṃ	
SD-E0C0	鈶	U+1080C0	nuṃ	
SD-E0C1	鉡	U+1080C1	dhu	
SD-E0C2	鉰	U+1080C2	ḍo	
SD-E0C3	鈱	U+1080C3	hya	
SD-E0C4	鉔	U+1080C4	ṇāṃ	
SD-E0C5	鉣	U+1080C5	lāṃ	
SD-E0C6	鉐	U+1080C6	ghṛ	
SD-E0C7	鉲	U+1080C7	ṣṇī	
SD-E0C8	鉎	U+1080C8	gṛ	
SD-E0C9	鉓	U+1080C9	bhuḥ	
SD-E0CA	鉌	U+1080CA	kpra	
SD-E0CB	鉖	U+1080CB	hma	
SD-E0CC	鈲	U+1080CC	kto	
SD-E0CD	閟	U+1080CD	śma	
SD-E0CE	閜	U+1080CE	skṛ	
SD-E0CF	閞	U+1080CF	ṇīṃ	
SD-E0D0	閛	U+1080D0	viṃ	
SD-E0D1	隒	U+1080D1	rāṃ	
SD-E0D2	隓	U+1080D2	ṇṭhna	
SD-E0D3	隑	U+1080D3	ṭīṃ	
SD-E0D4	隗	U+1080D4	kmāṃ	
SD-E0D5	雎	U+1080D5	lāḥ	
SD-E0D6	雺	U+1080D6	riḥ	
SD-E0D7	雽	U+1080D7	liṃ	
SD-E0D8	雸	U+1080D8	nāḥ	
SD-E0D9	雵	U+1080D9	ṇḍī	
SD-E0DA	靳	U+1080DA	kṣāṃ	
SD-E0DB	靷	U+1080DB	hiṃ	
SD-E0DD	靲	U+1080DD	bheṃ	
SD-E0DE	頏	U+1080DE	lko	
SD-E0DF	頍	U+1080DF	jjā	
SD-E0E0	頎	U+1080E0	dyāṃ	
SD-E0E1	颬	U+1080E1	śra	
SD-E0E2	飶	U+1080E2	teḥ	
SD-E0E3	飹	U+1080E3	ghiṃ	
SD-E0E4	馯	U+1080E4	dyuṃ	
SD-E0E5	馲	U+1080E5	skṛ	
SD-E0E6	馰	U+1080E6	ndrā	
SD-E0E7	馵	U+1080E7	ṣṇe	
SD-E0E8	骭	U+1080E8	llu	
SD-E0E9	骫	U+1080E9	dhdha	
SD-E0EA	魛	U+1080EA	rtti	
SD-E0EB	鳪	U+1080EB	ści	
SD-E0EC	鳭	U+1080EC	sīṃ	
SD-E0ED	鳧	U+1080ED	ntya	
SD-E0EE	麀	U+1080EE	kuṃ	
SD-E0EF	黽	U+1080EF	bhrūṃ	
SD-E0F0	僦	U+1080F0	ṣṭri	
SD-E0F1	僔	U+1080F1	ksa	
SD-E0F2	僗	U+1080F2	ju	
SD-E0F3	僨	U+1080F3	sū	
SD-E0F4	僳	U+1080F4	ṭpa	
SD-E0F5	僛	U+1080F5	ntra	
SD-E0F6	僪	U+1080F6	ṅpā	
SD-E0F7	僝	U+1080F7	yuḥ	
SD-E0F9	僓	U+1080F9		
SD-E0FA	僬	U+1080FA	stvaṃ	
SD-E0FB	僰	U+1080FB	ṣpuṃ	
SD-E0FC	僯	U+1080FC	puṃ	
SD-E0FD	僣	U+1080FD	māṃ	
SD-E140	凘	U+108140	sṛo	
SD-E141	劀	U+108141	dthā	
SD-E142	劁	U+108142	kta	
SD-E143	勩	U+108143	siṃ	
SD-E144	勫	U+108144	ttre	
SD-E145	匰	U+108145	yya	
SD-E146	厬	U+108146	ttrā	
SD-E147	嘧	U+108147	tnu	
SD-E148	嘕	U+108148	ntu	
SD-E149	嘌	U+108149	jja	
SD-E14B	嗼	U+10814B	jji	
SD-E14D	嘜	U+10814D		
SD-E14E	嘁	U+10814E	kke	
SD-E14F	嘓	U+10814F	lka	
SD-E150	嘂	U+108150	ṣṭu	
SD-E151	嗺	U+108151	tiḥ	
SD-E152	嘝	U+108152		
SD-E153	嘄	U+108153	kṣī	
SD-E154	嗿	U+108154	tkiṃ	
SD-E155	嗹	U+108155	kpra	
SD-E156	墉	U+108156	yyo	
SD-E157	塼	U+108157	ṅheṃ	
SD-E158	墐	U+108158	jeṃ	
SD-E159	墘	U+108159	tyoṃ	
SD-E15B	墁	U+10815B	hhūṃ	
SD-E15C	塿	U+10815C	rtte	
SD-E15D	塴	U+10815D	k	
SD-E15E	墋	U+10815E	luṃ	
SD-E15F	塺	U+10815F	cchya	
SD-E160	墇	U+108160	syiṃ	
SD-E161	墑	U+108161	ha	
SD-E162	墎	U+108162	ṅkha	
SD-E163	塶	U+108163	dhva	
SD-E164	墂	U+108164	khdi	
SD-E165	墈	U+108165	dhṛe	
SD-E166	塻	U+108166	ckiṃ	
SD-E167	墔	U+108167		
SD-E168	墏	U+108168	sū	
SD-E169	壾	U+108169	scha	
SD-E16A	奫	U+10816A	cchra	
SD-E16B	嫜	U+10816B	ccya	
SD-E16E	嫕	U+10816E	śāṃ	
SD-E16F	嫪	U+10816F	kte	
SD-E170	嫚	U+108170	ṣṭro	
SD-E171	嫭	U+108171	rṇḍa	
SD-E172	嫫	U+108172	ktre	
SD-E173	嫳	U+108173	tpaṃ	
SD-E174	嫢	U+108174	tkṛ	
SD-E176	嫛	U+108176	ṇṇaḥ	
SD-E177	嫬	U+108177	dhā	
SD-E178	嫞	U+108178	tpṛ	
SD-E179	嫝	U+108179	trhyīṃ	
SD-E17A	嫙	U+10817A	aḥ	
SD-E17B	嫨	U+10817B	nṭha	
SD-E17C	嫟	U+10817C	hūṃ	
SD-E17D	孷	U+10817D	pṭa	
SD-E17E	寠	U+10817E	stryi	
SD-E1A1	寣	U+1081A1	kiṃ	
SD-E1A2	屣	U+1081A2	hmmāṃ	
SD-E1A3	嶂	U+1081A3	tka	
SD-E1A4	嶀	U+1081A4	strya	
SD-E1A5	嵽	U+1081A5	bhūḥ	
SD-E1A6	嶆	U+1081A6	ndrā	
SD-E1A7	嵺	U+1081A7	dhpi	
SD-E1A8	嶁	U+1081A8	llā	
SD-E1A9	嵷	U+1081A9	nīḥ	
SD-E1AA	嶊	U+1081AA	rcci	
SD-E1AB	嶉	U+1081AB	sphu	
SD-E1AC	嶈	U+1081AC	ko	
SD-E1AD	嵾	U+1081AD	huṃ	
SD-E1AE	嵼	U+1081AE	dhvaṃ	
SD-E1AF	嶍	U+1081AF	vaṃ	
SD-E1B0	嵹	U+1081B0	aṃ	
SD-E1B1	嵿	U+1081B1	hū	
SD-E1B2	幘	U+1081B2	jjaḥ	
SD-E1B3	幙	U+1081B3	kṣma	
SD-E1B4	幓	U+1081B4	dhū	
SD-E1B5	廘	U+1081B5	ṣpa	
SD-E1B6	廑	U+1081B6	ṣpe	
SD-E1B7	廗	U+1081B7	jriṃ	
SD-E1B8	廎	U+1081B8	nṭa	
SD-E1B9	廜	U+1081B9	khaṃ	
SD-E1BA	廕	U+1081BA	rmma	
SD-E1BB	廙	U+1081BB	haṃ	
SD-E1BC	廒	U+1081BC	kaṃ	
SD-E1BD	廔	U+1081BD	traṃ	
SD-E1BE	彄	U+1081BE	maṃ	
SD-E1BF	彃	U+1081BF	muṃ	
SD-E1C0	彯	U+1081C0	paṃ	
SD-E1C1	徶	U+1081C1	praṃ	
SD-E1C2	愬	U+1081C2	lūṃ	
SD-E1C3	愨	U+1081C3	bhrūṃ	
SD-E1C4	慁	U+1081C4	nvu	
SD-E1C5	慞	U+1081C5	trāṃ	
SD-E1C6	慱	U+1081C6	moṃ	
SD-E1C7	慳	U+1081C7	pri	
SD-E1C9	慓	U+1081C9	ndre	
SD-E1CA	慲	U+1081CA	ndrai	
SD-E1CB	慬	U+1081CB	teṃḥ	
SD-E1CC	憀	U+1081CC	śa	
SD-E1CD	慴	U+1081CD	jñāṃ	
SD-E1CE	慔	U+1081CE	śo	
SD-E1CF	慺	U+1081CF	hyā	
SD-E1D0	慛	U+1081D0	tsa	
SD-E1D1	慥	U+1081D1	ysa	
SD-E1D2	愻	U+1081D2	ṣṭra	
SD-E1D3	慪	U+1081D3	cu	
SD-E1D4	慡	U+1081D4	ntyā	
SD-E1D5	慖	U+1081D5	dhīḥ	
SD-E1D6	戩	U+1081D6	śri	
SD-E1D7	戧	U+1081D7	hāṃ	
SD-E1D8	戫	U+1081D8	ṣṭāṃ	
SD-E1D9	搫	U+1081D9	rīṃ	
SD-E1DA	摍	U+1081DA	du	
SD-E1DB	摛	U+1081DB	nīṃ	
SD-E1DC	摝	U+1081DC	ntu	
SD-E1DD	摴	U+1081DD	tī	
SD-E1DE	摶	U+1081DE	ccā	
SD-E1DF	摲	U+1081DF	bhṛṃ	
SD-E1E0	摳	U+1081E0	nmāṃ	
SD-E1E1	摽	U+1081E1	ṣṇa	
SD-E1E2	摵	U+1081E2	trya	
SD-E1E3	摦	U+1081E3	ddhyaṃ	
SD-E1E4	撦	U+1081E4	dāṃ	
SD-E1E5	摎	U+1081E5	ggā	
SD-E1E6	撂	U+1081E6	ktra	
SD-E1E7	摞	U+1081E7	ghu	
SD-E1E8	摜	U+1081E8	rkka	
SD-E1E9	摋	U+1081E9	thu	
SD-E1EA	摓	U+1081EA	tma	
SD-E1EB	摠	U+1081EB	jī	
SD-E1EC	摐	U+1081EC	rttā	
SD-E1ED	摿	U+1081ED	ṣu	
SD-E1EF	摬	U+1081EF	yuṃ	
SD-E1F0	摫	U+1081F0	mū	
SD-E1F1	摙	U+1081F1	ṇā	
SD-E1F2	摥	U+1081F2	ī	
SD-E1F3	摷	U+1081F3	ttra	
SD-E1F4	敳	U+1081F4	nvya	
SD-E1F5	斠	U+1081F5	khu	
SD-E1F6	暡	U+1081F6	jje	
SD-E1F7	暠	U+1081F7	buḥ	
SD-E1F8	暟	U+1081F8	ṣṭre	
SD-E1F9	朅	U+1081F9	śū	
SD-E1FA	朄	U+1081FA	pphu	
SD-E1FB	朢	U+1081FB	yyā	
SD-E1FC	榱	U+1081FC	kka	
SD-E1FD	榶	U+1081FD	kaiḥ	
SD-E240	榠	U+108240	dhvi	
SD-E241	槎	U+108241	ī	
SD-E242	榖	U+108242		
SD-E243	榰	U+108243	dme	
SD-E244	榬	U+108244	ṣṇi	
SD-E245	榼	U+108245	cri	
SD-E246	榑	U+108246	stri	
SD-E247	榙	U+108247	hme	
SD-E248	榎	U+108248	gni	
SD-E249	榧	U+108249	stva	
SD-E24A	榍	U+10824A	rmu	
SD-E24B	榩	U+10824B	deḥ	
SD-E24C	榾	U+10824C	smā	
SD-E24D	榯	U+10824D	hiḥ	
SD-E24E	榿	U+10824E	guṃ	
SD-E24F	槄	U+10824F	sphū	
SD-E250	榽	U+108250	tvāḥ	
SD-E251	榤	U+108251	daiḥ	
SD-E252	槔	U+108252	jṇe	
SD-E253	榹	U+108253	yaṃḥ	
SD-E254	槊	U+108254	duḥ	
SD-E256	槏	U+108256	i	
SD-E257	榳	U+108257	hmā	
SD-E259	榪	U+108259	ndri	
SD-E25A	榡	U+10825A	ṣāṃ	
SD-E25B	榞	U+10825B	nyāṃ	
SD-E25C	槙	U+10825C	syāṃ	
SD-E25D	榗	U+10825D	roṃ	
SD-E25E	榐	U+10825E	miṃ	
SD-E25F	槂	U+10825F	rgho	
SD-E260	榵	U+108260	kke	
SD-E261	榥	U+108261	smiṃ	
SD-E262	槆	U+108262	sreḥ	
SD-E263	歊	U+108263	tphā	
SD-E265	歋	U+108265	tpa	
SD-E266	殞	U+108266	hāḥ	
SD-E267	殟	U+108267	ṣka	
SD-E268	殠	U+108268	śmye	
SD-E269	毃	U+108269	ttrai	
SD-E26A	毄	U+10826A	ñā	
SD-E26B	毾	U+10826B	ṇyaṃ	
SD-E26C	滎	U+10826C	ktā	
SD-E26D	滵	U+10826D	kāḥ	
SD-E26E	滱	U+10826E	rcca	
SD-E26F	漃	U+10826F	ktdi	
SD-E270	漥	U+108270	mma	
SD-E271	滸	U+108271	ddī	
SD-E272	漷	U+108272	luḥ	
SD-E273	滻	U+108273	striṃ	
SD-E274	漮	U+108274	rttī	
SD-E275	漉	U+108275		
SD-E276	潎	U+108276	dtha	
SD-E277	漙	U+108277	niḥ	
SD-E278	漚	U+108278	thāḥ	
SD-E279	漧	U+108279	loḥ	
SD-E27A	漘	U+10827A	raiḥ	
SD-E27B	漻	U+10827B	taiḥ	
SD-E27C	漒	U+10827C	tkṣi	
SD-E27D	滭	U+10827D	laiḥ	
SD-E27E	漊	U+10827E	pīḥ	
SD-E2A1	漶	U+1082A1	dhiṃ	
SD-E2A2	潳	U+1082A2	līṃ	
SD-E2A3	滹	U+1082A3	ttya	
SD-E2A4	滮	U+1082A4	dmo	
SD-E2A5	漭	U+1082A5	dhaṃ	
SD-E2A6	潀	U+1082A6	roḥ	
SD-E2A7	漰	U+1082A7	tpa	
SD-E2A8	漼	U+1082A8	ṭpā	
SD-E2A9	漵	U+1082A9	ntre	
SD-E2AA	滫	U+1082AA	rmmā	
SD-E2AB	漇	U+1082AB	ṇi	
SD-E2AC	漎	U+1082AC	mbhā	
SD-E2AD	潃	U+1082AD	strai	
SD-E2AE	漅	U+1082AE	svṛ	
SD-E2AF	滽	U+1082AF	ktyā	
SD-E2B0	滶	U+1082B0	ḍa	
SD-E2B1	漹	U+1082B1	o	
SD-E2B2	漜	U+1082B2	sdi	
SD-E2B4	漺	U+1082B4	gga	
SD-E2B5	漟	U+1082B5	smṛ	
SD-E2B6	漍	U+1082B6	sta	
SD-E2B7	漞	U+1082B7	rvāṃ	
SD-E2B8	漈	U+1082B8	śrī	
SD-E2B9	漡	U+1082B9	huṃ	
SD-E2BA	熇	U+1082BA	ṭrūṃ	
SD-E2BB	熐	U+1082BB	śrūṃ	
SD-E2BC	熉	U+1082BC		
SD-E2BD	熀	U+1082BD		
SD-E2BE	熅	U+1082BE	vāṃ	
SD-E2BF	熂	U+1082BF	trūṃ	
SD-E2C0	熏	U+1082C0	jiṃ	
SD-E2C1	煻	U+1082C1	ttrī	
SD-E2C2	熆	U+1082C2	ñce	
SD-E2C3	熁	U+1082C3	niṃ	
SD-E2C4	熗	U+1082C4	hṛe	
SD-E2C5	牄	U+1082C5	ddi	
SD-E2C6	牓	U+1082C6	ṣkā	
SD-E2C7	犗	U+1082C7	bhyu	
SD-E2C8	犕	U+1082C8	riṃ	
SD-E2C9	犓	U+1082C9	kṣuḥ	
SD-E2CA	獃	U+1082CA	rcṇi	
SD-E2CC	獑	U+1082CC	hīḥ	
SD-E2CD	獌	U+1082CD	jñā	
SD-E2CE	瑢	U+1082CE	śiṃ	
SD-E2CF	瑳	U+1082CF	kci	
SD-E2D0	瑱	U+1082D0	tvāṃ	
SD-E2D1	瑵	U+1082D1	ṭaṃ	
SD-E2D2	瑲	U+1082D2	lṇā	
SD-E2D3	瑧	U+1082D3	kṣṭrī	
SD-E2D4	瑮	U+1082D4		
SD-E2D5	甀	U+1082D5	ttraṃ	
SD-E2D6	甂	U+1082D6	myaḥ	
SD-E2D7	甃	U+1082D7	dhṛi	
SD-E2D8	畽	U+1082D8	bhyāḥ	
SD-E2D9	疐	U+1082D9	lṇa	
SD-E2DA	瘖	U+1082DA	ghṇi	
SD-E2DB	瘈	U+1082DB	mbhī	
SD-E2DC	瘌	U+1082DC	ṣṭya	
SD-E2DD	瘕	U+1082DD	ścā	
SD-E2DE	瘑	U+1082DE	tpā	
SD-E2DF	瘊	U+1082DF	dmā	
SD-E2E0	瘔	U+1082E0	ṣvya	
SD-E2E1	皸	U+1082E1	rgu	
SD-E2E2	瞁	U+1082E2	prī	
SD-E2E3	睼	U+1082E3	ntrā	
SD-E2E4	瞅	U+1082E4	ksi	
SD-E2E5	瞂	U+1082E5	tko	
SD-E2E6	睮	U+1082E6	dīṃ	
SD-E2E7	瞀	U+1082E7	rśa	
SD-E2E8	睯	U+1082E8	ktya	
SD-E2E9	睾	U+1082E9	rgha	
SD-E2EA	瞃	U+1082EA	rmmāḥ	
SD-E2EB	碲	U+1082EB	stya	
SD-E2EC	碪	U+1082EC	drāṃ	
SD-E2ED	碴	U+1082ED	tīṃ	
SD-E2EE	碭	U+1082EE	dhiḥ	
SD-E2EF	碨	U+1082EF	śca	
SD-E2F0	硾	U+1082F0	ṣṭrā	
SD-E2F1	碫	U+1082F1	ṭrūṃ	
SD-E2F2	碞	U+1082F2	dai	
SD-E2F3	碥	U+1082F3	stra	
SD-E2F4	碠	U+1082F4	ndrī	
SD-E2F5	碬	U+1082F5	śle	
SD-E2F6	碢	U+1082F6	hūṃ	
SD-E2F7	碤	U+1082F7	rjja	
SD-E2F8	禘	U+1082F8	ptāṃ	
SD-E2F9	禊	U+1082F9	ttha	
SD-E2FA	禋	U+1082FA	khau	
SD-E2FB	禖	U+1082FB	lda	
SD-E2FD	禔	U+1082FD	dpa	
SD-E2FE	禓	U+1082FE	rdda	
SD-E340	禗	U+108340	ṅka	
SD-E341	禈	U+108341		
SD-E342	禒	U+108342	kle	
SD-E343	禐	U+108343	rdde	
SD-E344	稫	U+108344	keḥ	
SD-E345	穊	U+108345	sṭa	
SD-E347	稯	U+108347		□
SD-E348	稨	U+108348	tkṣa	
SD-E349	稦	U+108349	ram	
SD-E350	箊	U+108350	śrūṃ	
SD-E351	箑	U+108351	hūṃ	
SD-E352	箐	U+108352	cuṃ	
SD-E353	箖	U+108353	bhrūṃ	
SD-E354	箍	U+108354	llaṃ	
SD-E355	箌	U+108355		
SD-E356	箛	U+108356	jā	
SD-E357	箎	U+108357	ña	
SD-E358	箅	U+108358	ña	
SD-E359	箘	U+108359	ṇa	
SD-E35A	劄	U+10835A		（
SD-E35B	箙	U+10835B		）
SD-E35C	箤	U+10835C	rṇu	
SD-E35D	箂	U+10835D	ttri	
SD-E35E	粻	U+10835E	ntri	
SD-E35F	粿	U+10835F	tū	
SD-E360	粼	U+108360	ta	
SD-E361	粺	U+108361	dha	
SD-E362	綧	U+108362	na	
SD-E363	綷	U+108363	kyū	
SD-E364	緂	U+108364	nna	
SD-E366	綪	U+108366	kna	
SD-E367	緁	U+108367	ñca	
SD-E368	緀	U+108368	ṅya	
SD-E369	緅	U+108369	rva	
SD-E36A	綝	U+10836A	ndu	
SD-E36B	緎	U+10836B	hna	
SD-E36C	緄	U+10836C		〔
SD-E36D	緆	U+10836D		〕
SD-E36E	緋	U+10836E	strī	
SD-E36F	緌	U+10836F	rnṛ	
SD-E370	綯	U+108370	va	
SD-E371	綹	U+108371	ṅa	
SD-E372	綖	U+108372	ṅa	
SD-E373	綼	U+108373	ña	
SD-E374	綟	U+108374	khṛ	
SD-E375	綦	U+108375	cchṛ	
SD-E376	綮	U+108376	ṭśa	
SD-E377	綩	U+108377		
SD-E378	綡	U+108378		
SD-E379	緉	U+108379	chrūṃ	
SD-E37A	罳	U+10837A	spra	
SD-E37B	翢	U+10837B	dū	
SD-E37C	翣	U+10837C	ṇṇa	
SD-E37D	翥	U+10837D		
SD-E37E	翞	U+10837E	ñjā	
SD-E3A1	耤	U+1083A1	lpa	
SD-E3A2	聝	U+1083A2	tsya	
SD-E3A3	聜	U+1083A3	lga	
SD-E3A4	膉	U+1083A4	laṃ	
SD-E3A5	膆	U+1083A5	tsā	
SD-E3A6	膃	U+1083A6	śśa	
SD-E3A7	膇	U+1083A7	bhuṃ	
SD-E3A8	膍	U+1083A8	ṅṭu	
SD-E3A9	膌	U+1083A9	jju	
SD-E3AA	膋	U+1083AA	strā	
SD-E3AB	舕	U+1083AB	kku	
SD-E3AC	蒗	U+1083AC	vyū	
SD-E3AD	蒤	U+1083AD	bu	
SD-E3AE	蒡	U+1083AE	psā	
SD-E3AF	蒟	U+1083AF	jū	
SD-E3B0	蒺	U+1083B0	li	
SD-E3B1	蓎	U+1083B1	tthi	
SD-E3B2	蓂	U+1083B2	htu	
SD-E3B3	蒬	U+1083B3	drauḥ	
SD-E3B4	蒮	U+1083B4	kkai	
SD-E3B5	蒫	U+1083B5	ṣprī	
SD-E3B6	蒹	U+1083B6	triṃ	
SD-E3B7	蒴	U+1083B7	gni	
SD-E3B8	蓁	U+1083B8	llī	
SD-E3B9	蓍	U+1083B9	nja	
SD-E3BA	蒪	U+1083BA		‧
SD-E3BB	蒚	U+1083BB	ha	
SD-E3BC	蒱	U+1083BC	ṅvī	
SD-E3BD	蓐	U+1083BD	ṅgu	
SD-E3BE	蒝	U+1083BE		
SD-E3BF	蒧	U+1083BF	ḷ	
SD-E3C0	蒻	U+1083C0		
SD-E3C1	蒢	U+1083C1	ṛ	
SD-E3C2	蒔	U+1083C2	t	
SD-E3C3	蓇	U+1083C3	huḥ	
SD-E3C4	蓌	U+1083C4	rbhi	
SD-E3C5	蒛	U+1083C5	dyā	
SD-E3C6	蒩	U+1083C6	ryā	
SD-E3C7	蒯	U+1083C7	dū	
SD-E3C8	蒨	U+1083C8	yu	
SD-E3C9	蓖	U+1083C9	lle	
SD-E3CA	蒘	U+1083CA	ṭvā	
SD-E3CB	蒶	U+1083CB	dhta	
SD-E3CC	蓏	U+1083CC	tssa	
SD-E3CD	蒠	U+1083CD	ḍhḍha	
SD-E3CE	蓗	U+1083CE	ndha	
SD-E3CF	蓔	U+1083CF	dyo	
SD-E3D0	蓒	U+1083D0	mja	
SD-E3D1	蓛	U+1083D1	vja	
SD-E3D2	蒰	U+1083D2	jū	
SD-E3D3	蒑	U+1083D3	mca	
SD-E3D4	虡	U+1083D4	ṣṇā	
SD-E3D5	蜳	U+1083D5	sghā	
SD-E3D6	蜣	U+1083D6	dvau	
SD-E3D7	蜨	U+1083D7	lpha	
SD-E3D8	蝫	U+1083D8	ṣvrī	
SD-E3D9	蝀	U+1083D9	śau	
SD-E3DA	蜮	U+1083DA	nddha	
SD-E3DB	蜞	U+1083DB	ṅja	
SD-E3DC	蜡	U+1083DC	ṅca	
SD-E3DD	蜙	U+1083DD	tsā	
SD-E3DE	蜛	U+1083DE	pu	
SD-E3DF	蝃	U+1083DF	tru	
SD-E3E0	蜬	U+1083E0	rvā	
SD-E3E1	蝁	U+1083E1	ṇḍka	
SD-E3E2	蜾	U+1083E2	juṃ	
SD-E3E3	蝆	U+1083E3	bhdra	
SD-E3E4	蜠	U+1083E4	gṛṃ	
SD-E3E5	蜲	U+1083E5	sṛ	
SD-E3E6	蜪	U+1083E6		
SD-E3E7	蜭	U+1083E7	tyāṃ	
SD-E3E8	蜼	U+1083E8	sāṃ	
SD-E3E9	蜒	U+1083E9	kkā	
SD-E3EA	蜺	U+1083EA	spha	
SD-E3EB	蜱	U+1083EB	ṇu	
SD-E3EC	蜵	U+1083EC	dśa	
SD-E3ED	蝂	U+1083ED	rsu	
SD-E3EE	蜦	U+1083EE	dda	
SD-E3EF	蜧	U+1083EF	pūṃ	
SD-E3F0	蜸	U+1083F0		
SD-E3F1	蜤	U+1083F1	dsa	
SD-E3F2	蜚	U+1083F2	rra	
SD-E3F3	蜰	U+1083F3	tbha	
SD-E3F4	蜑	U+1083F4	pgi	
SD-E3F5	裷	U+1083F5	yaṃ	
SD-E3F6	裧	U+1083F6	snā	
SD-E3F7	裱	U+1083F7	pṣe	
SD-E3F8	裲	U+1083F8	ntrī	
SD-E3F9	裺	U+1083F9	ddhāṃ	
SD-E3FA	裾	U+1083FA	hva	
SD-E3FB	裮	U+1083FB	lla	
SD-E3FC	裼	U+1083FC	ū	
SD-E3FD	裶	U+1083FD	u	
SD-E3FE	裻	U+1083FE	kṣe	
SD-E440	裰	U+108440	śre	
SD-E441	裬	U+108441	saṃ	
SD-E442	裫	U+108442	rhya	
SD-E443	覝	U+108443	mva	
SD-E444	覡	U+108444	vya	
SD-E445	覟	U+108445	dhā	
SD-E446	覞	U+108446	ṅga	
SD-E459	跿	U+108459		？
SD-E463	踄	U+108463		
SD-E466	輎	U+108466	stre	
SD-E467	輍	U+108467	rghaṃ	
SD-E468	鄣	U+108468	jmaṃ	
SD-E469	鄜	U+108469	ndhāḥ	
SD-E46A	鄠	U+10846A	ttiṃ	
SD-E46B	鄢	U+10846B	ṣphu	
SD-E46C	鄟	U+10846C	svu	
SD-E46D	鄝	U+10846D	seṃ	
SD-E46E	鄚	U+10846E		
SD-E46F	鄤	U+10846F	kra	
SD-E470	鄡	U+108470		
SD-E471	鄛	U+108471	maṃ	
SD-E472	酺	U+108472	sāḥ	
SD-E473	酲	U+108473	māḥ	
SD-E47A	鉺	U+10847A	n	
SD-E47B	銠	U+10847B		
SD-E47C	銔	U+10847C	rvva	
SD-E47D	銪	U+10847D	l	
SD-E47E	銍	U+10847E		
SD-E4A1	銦	U+1084A1		
SD-E4A2	銚	U+1084A2	mda	
SD-E4A3	銫	U+1084A3		
SD-E4A4	鉹	U+1084A4	sṭhu	
SD-E4A5	銗	U+1084A5	dda	
SD-E4A6	鉿	U+1084A6	bhyo	
SD-E4A7	銣	U+1084A7		
SD-E4A8	鋮	U+1084A8		
SD-E4A9	銎	U+1084A9		
SD-E4AA	銂	U+1084AA	sṭa	
SD-E4AB	銕	U+1084AB	rṭha	
SD-E4AC	銢	U+1084AC	pti	
SD-E4AD	鉽	U+1084AD		
SD-E4AE	銈	U+1084AE	rya	
SD-E4AF	銡	U+1084AF	mṛe	
SD-E4B0	銊	U+1084B0	kṭa	
SD-E4B1	銆	U+1084B1	cyā	
SD-E4B2	銌	U+1084B2		
SD-E4B3	銙	U+1084B3	dhū	
SD-E4B4	銧	U+1084B4	khto	
SD-E4B5	鉾	U+1084B5	ṣpī	
SD-E4B6	銇	U+1084B6	ṣpā	
SD-E4B7	銩	U+1084B7	nmā	
SD-E4B8	銝	U+1084B8	tyā	
SD-E4B9	銋	U+1084B9	bhyā	
SD-E4BA	鈭	U+1084BA	bda	
SD-E4BB	隞	U+1084BB	ddho	
SD-E4BC	隡	U+1084BC	ddhai	
SD-E4BD	雿	U+1084BD	tdhā	
SD-E4BE	靘	U+1084BE	treḥ	
SD-E4BF	靽	U+1084BF	nṭyū	
SD-E4C0	靺	U+1084C0	ṣchu	
SD-E4C1	靾	U+1084C1	ṇci	
SD-E4C2	鞃	U+1084C2	ṇca	
SD-E4C3	鞀	U+1084C3	thdā	
SD-E4C4	鞂	U+1084C4	lāṃ	
SD-E4C5	靻	U+1084C5	śaṃ	
SD-E4C6	鞄	U+1084C6		
SD-E4C7	鞁	U+1084C7	ktaṃ	
SD-E4C8	靿	U+1084C8	rnta	
SD-E4C9	韎	U+1084C9	jya	
SD-E4CA	韍	U+1084CA	ṣtva	
SD-E4CB	頖	U+1084CB		
SD-E4CC	颭	U+1084CC	āḥ	
SD-E4CD	颮	U+1084CD	ṇi	
SD-E4CE	餂	U+1084CE		
SD-E4CF	餀	U+1084CF	ṣṇḍa	
SD-E4D0	餇	U+1084D0		
SD-E4D1	馝	U+1084D1	jṇa	
SD-E4D2	馜	U+1084D2	ṇai	
SD-E4D3	駃	U+1084D3	gaṃ	
SD-E4D4	馹	U+1084D4	jaṃ	
SD-E4D5	馻	U+1084D5	hrūṃ	
SD-E4D6	馺	U+1084D6	ṣpre	
SD-E4D7	駂	U+1084D7	śāṃ	
SD-E4D8	馽	U+1084D8	rdṛ	
SD-E4D9	駇	U+1084D9	ciṃ	
SD-E4DA	骱	U+1084DA	lpa	
SD-E4DB	髣	U+1084DB	yeḥ	
SD-E4DC	髧	U+1084DC	āḥ	
SD-E4DD	鬾	U+1084DD	ṇe	
SD-E4DE	鬿	U+1084DE		
SD-E4DF	魠	U+1084DF	ṇaṃ	
SD-E4E0	魡	U+1084E0	ṇaḥ	
SD-E4E1	魟	U+1084E1	ṇḍa	
SD-E4E2	鳱	U+1084E2	ṅṅi	
SD-E4E3	鳲	U+1084E3		
SD-E4E4	鳵	U+1084E4	lbha	
SD-E4E5	麧	U+1084E5		
SD-E4E6	僿	U+1084E6		
SD-E4E7	儃	U+1084E7	kṝ	
SD-E4E8	儰	U+1084E8	kḷ	
SD-E4E9	僸	U+1084E9	kḹ	
SD-E4EA	儆	U+1084EA	huṃ	
SD-E4EB	儇	U+1084EB		
SD-E4EC	僶	U+1084EC	ṭā	
SD-E4ED	僾	U+1084ED	ṭaḥ	
SD-E4EE	儋	U+1084EE	ṇca	
SD-E4EF	儌	U+1084EF		
SD-E4F0	僽	U+1084F0		
SD-E4F1	儊	U+1084F1	ṇyā	
SD-E4F2	劋	U+1084F2	śrīḥ	
SD-E4F7	噂	U+1084F7	nu	
SD-E4F8	噌	U+1084F8	dmāṃ	
SD-E4F9	嘵	U+1084F9	ṭūṃ	
SD-E4FA	噁	U+1084FA	trūṃ	
SD-E4FB	噊	U+1084FB	ṇco	
SD-E4FC	噉	U+1084FC	ḍmu	
SD-E4FD	噆	U+1084FD	phaṭ	
SD-E4FE	噘	U+1084FE	vāṃ	
SD-E540	噚	U+108540	mbhuḥ	
SD-E541	噀	U+108541	ṭrūṃ	
SD-E542	嘳	U+108542	drūṃ	
SD-E543	嘽	U+108543	ttāṃ	
SD-E544	嘬	U+108544	ṣpra	
SD-E545	嘾	U+108545	kṣṇa	
SD-E546	嘸	U+108546	ṣū	
SD-E547	嘪	U+108547	ḍga	
SD-E548	嘺	U+108548	pāṃ	
SD-E549	圚	U+108549	ndhya	
SD-E54A	墫	U+10854A	rṇṇa	
SD-E54B	墝	U+10854B	tkṣa	
SD-E54C	墱	U+10854C	yye	
SD-E54D	墠	U+10854D	tkṣi	
SD-E54E	墣	U+10854E	ṇcu	
SD-E54F	墯	U+10854F	vyāṃ	
SD-E550	墬	U+108550	yū	
SD-E551	墥	U+108551	ṣpi	
SD-E552	墡	U+108552	tku	
SD-E553	壿	U+108553	bdhe	
SD-E554	嫿	U+108554	ṣtha	
SD-E555	嫴	U+108555	jṇi	
SD-E556	嫽	U+108556	rbu	
SD-E557	嫷	U+108557	khū	
SD-E558	嫶	U+108558	ñḍha	
SD-E559	嬃	U+108559	bdhi	
SD-E55A	嫸	U+10855A	cce	
SD-E55B	嬂	U+10855B	cchlhīṃ	
SD-E55C	嫹	U+10855C	cchna	
SD-E55D	嬁	U+10855D	cchri	
SD-E55E	嬇	U+10855E	cchu	
SD-E55F	嬅	U+10855F	cchū	
SD-E560	嬏	U+108560	cco	
SD-E561	屧	U+108561	cū	
SD-E562	嶙	U+108562	dca	
SD-E563	嶗	U+108563	ddhaḥ	
SD-E564	嶟	U+108564	dhūḥ	
SD-E565	嶒	U+108565	dhuṃ	
SD-E566	嶢	U+108566	dhyū	
SD-E567	嶓	U+108567	dkho	
SD-E568	嶕	U+108568	drūṃ	
SD-E569	嶠	U+108569	gbha	
SD-E56A	嶜	U+10856A	ghū	
SD-E56B	嶡	U+10856B	ghuṃ	
SD-E56C	嶚	U+10856C	gnyu	
SD-E56D	嶞	U+10856D	jñī	
SD-E56E	幩	U+10856E	jrīḥ	
SD-E56F	幝	U+10856F	kruṃ	
SD-E570	幠	U+108570	lkā	
SD-E571	幜	U+108571	lpā	
SD-E572	緳	U+108572	lpe	
SD-E573	廛	U+108573	lūṃ	
SD-E574	廞	U+108574	mme	
SD-E575	廡	U+108575	ṇḍīṃ	
SD-E576	彉	U+108576	ndya	
SD-E577	徲	U+108577	ndye	
SD-E578	憋	U+108578	ndyo	
SD-E579	憃	U+108579	nka	
SD-E57A	慹	U+10857A	nku	
SD-E57B	憱	U+10857B	npi	
SD-E57C	憰	U+10857C	npri	
SD-E57D	憢	U+10857D	npū	
SD-E57E	憉	U+10857E	ntrāṃ	
SD-E5A1	憛	U+1085A1	ṇu	
SD-E5A2	憓	U+1085A2	phu	
SD-E5A3	憯	U+1085A3	phuḥ	
SD-E5A4	憭	U+1085A4	pruṃ	
SD-E5A5	憟	U+1085A5	ptiṃ	
SD-E5A6	憒	U+1085A6	puḥ	
SD-E5A7	憪	U+1085A7	rcū	
SD-E5A8	憡	U+1085A8	rmme	
SD-E5A9	憍	U+1085A9	rmmi	
SD-E5AA	慦	U+1085AA	rṇṇī	
SD-E5AB	憳	U+1085AB	ṣkṛ	
SD-E5AC	戭	U+1085AC	ṣpaṃ	
SD-E5AD	摮	U+1085AD	sphuḥ	
SD-E5AE	摰	U+1085AE	stāṃ	
SD-E5AF	撖	U+1085AF	stṛ	
SD-E5B0	撠	U+1085B0	ṣṭraṃ	
SD-E5B1	撅	U+1085B1	thiṃ	
SD-E5B2	撗	U+1085B2	ṭhū	
SD-E5B3	撜	U+1085B3	tkhe	
SD-E5B4	撏	U+1085B4	tmu	
SD-E5B5	撋	U+1085B5	tpha	
SD-E5B6	撊	U+1085B6	tphu	
SD-E5B7	撌	U+1085B7	tpra	
SD-E5B8	撣	U+1085B8	troṃ	
SD-E5B9	撟	U+1085B9	tsaṃ	
SD-E5BA	摨	U+1085BA	ttroṃ	
SD-E5BB	撱	U+1085BB	ttruṃ	
SD-E5BC	撘	U+1085BC	ttrūṃ	
SD-E5BD	敶	U+1085BD	ṅgni	
SD-E5BE	敺	U+1085BE	ṅgṛ	
SD-E5BF	敹	U+1085BF	ṅgra	
SD-E5C0	敻	U+1085C0	ṅhiṃ	
SD-E5C1	斲	U+1085C1	ṅkṛ	
SD-E5C2	斳	U+1085C2	ṅkru	
SD-E5C3	暵	U+1085C3	śu	
SD-E5C4	暰	U+1085C4	jāṃ	
SD-E5C5	暩	U+1085C5	ḍhāṃ	
SD-E5C6	暲	U+1085C6	nū	
SD-E5C7	暷	U+1085C7	bū	
SD-E5C8	暪	U+1085C8	lke	
SD-E5C9	暯	U+1085C9	lū	
SD-E5CA	樀	U+1085CA	ntye	
SD-E5CB	樆	U+1085CB	ndhāṃ	
SD-E5CC	樗	U+1085CC	mbū	
SD-E5CD	槥	U+1085CD	cchraṃ	
SD-E5CE	槸	U+1085CE	ntro	
SD-E5CF	樕	U+1085CF	ṅkya	
SD-E5D0	槱	U+1085D0	vyū	
SD-E5D1	槤	U+1085D1	gnya	
SD-E5D2	樠	U+1085D2	nnāṃ	
SD-E5D3	槿	U+1085D3	nke	
SD-E5D4	槬	U+1085D4	jṇo	
SD-E5D5	槢	U+1085D5	jṇe	
SD-E5D6	樛	U+1085D6	jṇī	
SD-E5D7	樝	U+1085D7	dhvā	
SD-E5D8	槾	U+1085D8	ḍgi	
SD-E5D9	樧	U+1085D9	rṇṇā	
SD-E5DA	槲	U+1085DA	rjje	
SD-E5DB	槮	U+1085DB	rthāṃ	
SD-E5DC	樔	U+1085DC	dkhū	
SD-E5DD	槷	U+1085DD	ndrāṃ	
SD-E5DE	槧	U+1085DE	bdha	
SD-E5DF	橀	U+1085DF	rṣāṃ	
SD-E5E0	樈	U+1085E0	ntrū	
SD-E5E1	槦	U+1085E1	ddhyā	
SD-E5E2	槻	U+1085E2	grāṃ	
SD-E5E3	樍	U+1085E3	ṇḍiṃ	
